dataset,setting,detector,auc_roc_mean,auc_roc_std,avg_precision_mean,avg_precision_std,pauc_0.1_mean,pauc_0.1_std,f1_top_q_mean,f1_top_q_std
esc50,primary,SOD,0.7163888888888889,0.032071005327492415,0.2931058345357081,0.08757892634310753,0.5584795321637427,0.05000769408329552,0.22222222222222224,0.1111111111111111
esc50,primary,COF,0.6813888888888888,0.05282892258723807,0.19338390411107542,0.028484704934426067,0.489766081871345,0.010842395448970256,0.13333333333333333,0.04969039949999532
esc50,primary,MCD,0.6752777777777778,0.030922668380220463,0.22546329762489772,0.0563552514420403,0.5336257309941521,0.031185276327049052,0.15555555555555553,0.06085806194501846
esc50,primary,CBLOF,0.6741666666666667,0.07110921221423003,0.20637990039554346,0.06628049067999452,0.5263157894736843,0.02942194707236563,0.17777777777777776,0.06085806194501845
esc50,primary,GMM,0.6719444444444445,0.03205596475764236,0.23804363194349715,0.08011633346302209,0.5292397660818714,0.038887239994942674,0.13333333333333333,0.049690399499995326
esc50,primary,Sampling,0.6694444444444445,0.1141299954621813,0.24355075535461515,0.09810973319307881,0.5380116959064327,0.030753923929769954,0.15555555555555553,0.06085806194501846
esc50,primary,AutoEncoder,0.6647222222222222,0.04613327780450524,0.21746623894892672,0.030790736551268884,0.5365497076023391,0.01760467043683081,0.15555555555555553,0.06085806194501846
esc50,primary,QMCD,0.6605555555555556,0.042271079188997134,0.18504156426345242,0.02569811807785166,0.5277777777777778,0.016015279459215367,0.13333333333333333,0.04969039949999532
esc50,primary,DIF,0.6563888888888889,0.04415705695596512,0.17374102241439768,0.01816616665877744,0.4926900584795321,0.015158217363543633,0.13333333333333333,0.09296222517045283
esc50,primary,KNN,0.6525000000000001,0.06069460335600862,0.22677985048791444,0.06409922516524942,0.5365497076023391,0.03333846272219697,0.15555555555555553,0.06085806194501846
esc50,primary,HBOS,0.6461111111111111,0.03826886688732125,0.1463652533366415,0.013312759031229663,0.4780701754385965,0.004003819864803857,0.11111111111111112,0.0
esc50,primary,IForest,0.6425,0.05516005051520075,0.17303726032893735,0.022586962740941813,0.52046783625731,0.019061995336849855,0.15555555555555553,0.06085806194501846
esc50,primary,KPCA,0.6391666666666667,0.05075053974048575,0.19132425809117265,0.05181013049854166,0.5321637426900585,0.02532238022761517,0.15555555555555553,0.06085806194501846
esc50,primary,KDE,0.6169444444444444,0.07069976513485361,0.1913557410512823,0.07504198226693004,0.5160818713450291,0.045474652090630965,0.08888888888888888,0.09296222517045283
esc50,primary,INNE,0.6075,0.05588962060488534,0.19688142319545462,0.07835560261566996,0.5321637426900585,0.0383336567313652,0.15555555555555553,0.06085806194501846
esc50,primary,LUNAR,0.6047222222222223,0.0400689028463301,0.19515223925102232,0.05456095868823247,0.5321637426900585,0.0213119586799901,0.13333333333333333,0.049690399499995326
esc50,primary,VAE,0.5997222222222223,0.06537669809894792,0.17333381984590285,0.04539134964952411,0.5131578947368421,0.024572713909315216,0.15555555555555553,0.06085806194501846
esc50,primary,COPOD,0.5977777777777777,0.05574274021269274,0.155597254206899,0.01833256416607395,0.5073099415204678,0.01601527945921538,0.15555555555555553,0.06085806194501846
esc50,primary,ABOD,0.5933333333333334,0.06845404874894874,0.20919866867571754,0.045441474329022846,0.5350877192982456,0.033338462722197044,0.15555555555555553,0.06085806194501846
esc50,primary,OCSVM,0.5900000000000001,0.06167198425521353,0.18204551528727234,0.05318279685746333,0.5292397660818714,0.03040443617410151,0.15555555555555553,0.06085806194501846
esc50,primary,PCA,0.5866666666666667,0.060839040828146576,0.16615348078551495,0.04769584301469143,0.5116959064327485,0.025532528065165167,0.15555555555555553,0.06085806194501846
esc50,primary,LODA,0.5755555555555556,0.12231924810425432,0.14977006709266794,0.04152561148913042,0.4985380116959064,0.03712989795087803,0.08888888888888888,0.09296222517045283
esc50,primary,ECOD,0.5569444444444445,0.07825991437211557,0.15180504251897142,0.022410175289449257,0.5087719298245614,0.02334608102729726,0.13333333333333333,0.049690399499995326
esc50,primary,LOF,0.5483333333333333,0.04531908477059572,0.16756829605305276,0.0433873056800858,0.5248538011695907,0.03618236453439936,0.13333333333333333,0.049690399499995326
esc50,primary,LMDD,0.5444444444444445,0.05911961809608689,0.12619186704221447,0.023606591654438118,0.48830409356725146,0.02532238022761519,0.08888888888888888,0.09296222517045283
esc50,secondary,SOD,0.7144444444444444,0.0522229609876823,0.2972822532708636,0.0631832844312781,0.5599415204678363,0.032030558918430756,0.17777777777777776,0.06085806194501845
esc50,secondary,COF,0.6841666666666667,0.04278138512928546,0.18752626241022655,0.023762303540343786,0.4970760233918129,0.015847575576519626,0.11111111111111112,0.07856742013183861
esc50,secondary,HBOS,0.6341666666666667,0.04175453697533583,0.14383774960362777,0.013229555286330104,0.48099415204678364,0.01266119011380759,0.11111111111111112,0.0
esc50,secondary,QMCD,0.63,0.052600212997738025,0.17714732677827968,0.031868096589829635,0.5350877192982456,0.024572713909315168,0.15555555555555553,0.06085806194501846
esc50,secondary,Sampling,0.6258333333333332,0.06940693431397327,0.17361594610706987,0.03119456421282248,0.5160818713450293,0.029421947072365656,0.13333333333333333,0.049690399499995326
esc50,secondary,DIF,0.6236111111111111,0.06682562068732997,0.15676945004257092,0.023965510065842296,0.48684210526315785,0.013076420921051385,0.15555555555555553,0.09938079899999064
esc50,secondary,GMM,0.6224999999999999,0.04970398486148879,0.20428529052206593,0.06896492495405902,0.5146198830409356,0.03922926276315422,0.13333333333333333,0.049690399499995326
esc50,secondary,IForest,0.6191666666666666,0.07043323824291141,0.16028135765869012,0.03035778782501289,0.5073099415204678,0.019750374394892273,0.13333333333333333,0.049690399499995326
esc50,secondary,MCD,0.6080555555555556,0.03338248690704104,0.21331931456843972,0.08096184603622826,0.5292397660818714,0.038887239994942674,0.13333333333333333,0.049690399499995326
esc50,secondary,AutoEncoder,0.6038888888888889,0.052359453259932076,0.14747066134665388,0.02337613638502978,0.5014619883040935,0.01666923136109853,0.11111111111111112,0.07856742013183861
esc50,secondary,CBLOF,0.5925,0.05758112902464734,0.14509949354412321,0.021018927986920365,0.4970760233918129,0.015847575576519626,0.13333333333333333,0.049690399499995326
esc50,secondary,KPCA,0.5797222222222222,0.06863135104075263,0.14554907377522325,0.02802535005328286,0.5073099415204678,0.027642792984194503,0.13333333333333333,0.049690399499995326
esc50,secondary,COPOD,0.5755555555555556,0.058006691291332076,0.14904701801547607,0.01743497572041885,0.5043859649122806,0.02391144332426336,0.11111111111111112,0.07856742013183861
esc50,secondary,INNE,0.5744444444444444,0.07109564719012494,0.14208332457965733,0.029589687987913168,0.5014619883040935,0.01892131448179062,0.08888888888888888,0.049690399499995326
esc50,secondary,VAE,0.5733333333333334,0.07405135647009936,0.1461814216644522,0.022628878697839496,0.4956140350877193,0.015506727657599766,0.11111111111111112,0.07856742013183861
esc50,secondary,KDE,0.5675,0.07238629866603138,0.14084154244263153,0.027405408409653432,0.4985380116959064,0.022883736611839987,0.08888888888888888,0.049690399499995326
esc50,secondary,KNN,0.5669444444444445,0.08925380823220158,0.1426778672221765,0.027212909170894545,0.5073099415204678,0.015158217363543667,0.15555555555555553,0.06085806194501846
esc50,secondary,PCA,0.5527777777777778,0.06977006990336897,0.13683936252007164,0.02030850871493658,0.4912280701754386,0.016015279459215416,0.11111111111111112,0.07856742013183861
esc50,secondary,ABOD,0.5494444444444444,0.08212433174277602,0.1481043774416083,0.03467782800929011,0.5073099415204678,0.022292325558445795,0.11111111111111112,0.07856742013183861
esc50,secondary,LUNAR,0.5491666666666666,0.07379824222537794,0.13862139995177708,0.029649395377414452,0.5029239766081871,0.017905626774730836,0.13333333333333333,0.049690399499995326
esc50,secondary,LODA,0.5447222222222222,0.07247152484652333,0.13755092104365602,0.018209562343865324,0.4985380116959064,0.017604670436830828,0.11111111111111112,0.07856742013183861
esc50,secondary,OCSVM,0.5336111111111111,0.07473848439313388,0.1306473737315501,0.019303249643109515,0.4985380116959064,0.013279168219725855,0.15555555555555553,0.06085806194501846
esc50,secondary,ECOD,0.5283333333333333,0.07751443513514747,0.1384745081403303,0.02018354759112251,0.5029239766081871,0.02131195867999016,0.11111111111111112,0.07856742013183861
esc50,secondary,LMDD,0.5152777777777777,0.02165620295765651,0.12189928517948179,0.01872258314091312,0.48830409356725146,0.03269105230262851,0.04444444444444444,0.09938079899999065
esc50,secondary,LOF,0.4955555555555556,0.06823530683425871,0.14463830015271678,0.033541098149889315,0.5146198830409358,0.022883736611840004,0.08888888888888888,0.049690399499995326
