dataset,setting,detector,auc_roc_mean,auc_roc_std,avg_precision_mean,avg_precision_std,pauc_0.1_mean,pauc_0.1_std,f1_top_q_mean,f1_top_q_std,feature_set,n_features
esc50,primary,LOF,0.6711111111111111,0.036921985654774295,0.1601800830917469,0.016994504061156192,0.48830409356725146,0.010337818438399798,0.08888888888888888,0.049690399499995326,mfcc,40
esc50,primary,GMM,0.6591666666666667,0.03681996573251002,0.18881157046740216,0.04778842821420824,0.5248538011695907,0.03144124732106222,0.15555555555555553,0.06085806194501846,mfcc,40
esc50,primary,CBLOF,0.6508333333333333,0.04133665607910819,0.2070521402069287,0.061910934261277036,0.5394736842105263,0.03543625626766322,0.15555555555555553,0.06085806194501846,mfcc,40
esc50,primary,KNN,0.6199999999999999,0.030279689032439463,0.19928754692134681,0.058835253534314104,0.5423976608187134,0.028592993005274715,0.15555555555555553,0.06085806194501846,mfcc,40
esc50,primary,IForest,0.6033333333333333,0.033887181195589484,0.14215366215884873,0.010803747474778427,0.4970760233918129,0.015847575576519595,0.11111111111111112,0.0,mfcc,40
esc50,primary,OCSVM,0.5822222222222222,0.05056013410280699,0.1952366379414492,0.0573995890197815,0.543859649122807,0.027155227516091635,0.15555555555555553,0.06085806194501846,mfcc,40
esc50,primary,HBOS,0.5505555555555556,0.026563748155133966,0.12170145046269698,0.0065959320087680745,0.47368421052631576,0.0,0.0,0.0,mfcc,40
esc50,primary,COPOD,0.5405555555555556,0.016993326576869746,0.11741951340385166,0.004256763642465986,0.47660818713450287,0.0040038198648038766,0.06666666666666667,0.06085806194501846,mfcc,40
esc50,primary,LODA,0.5130555555555556,0.07891407070703901,0.1463524224884566,0.03486098057514437,0.5175438596491228,0.017905626774730853,0.13333333333333333,0.04969039949999532,mfcc,40
esc50,primary,PCA,0.5016666666666667,0.05115751215005196,0.13313699880214763,0.027730708634794137,0.510233918128655,0.0219298245614035,0.13333333333333333,0.049690399499995326,mfcc,40
esc50,primary,ECOD,0.4741666666666666,0.03539078575066373,0.10411911237364306,0.005553570902640751,0.47368421052631576,0.0,0.0,0.0,mfcc,40
esc50,secondary,GMM,0.6108333333333333,0.04718544319366637,0.1671710788379742,0.04546787265243974,0.5131578947368421,0.04023789165065172,0.08888888888888888,0.09296222517045283,mfcc,40
esc50,secondary,CBLOF,0.5933333333333334,0.08506533436783233,0.14034030082183452,0.021009022348688455,0.4985380116959064,0.008334615680549237,0.15555555555555553,0.06085806194501846,mfcc,40
esc50,secondary,KNN,0.5491666666666667,0.054774016661502625,0.13298874091409146,0.016532462408064396,0.5,0.01108607521060169,0.15555555555555553,0.06085806194501846,mfcc,40
esc50,secondary,IForest,0.5463888888888888,0.03649105674301889,0.12354765558444358,0.012032944366512126,0.48830409356725146,0.01155803238365635,0.11111111111111112,0.0,mfcc,40
esc50,secondary,LOF,0.5438888888888889,0.09402788035444917,0.13325093272216043,0.024524810554272285,0.489766081871345,0.009530997668424917,0.08888888888888888,0.049690399499995326,mfcc,40
esc50,secondary,HBOS,0.518888888888889,0.03702893429885128,0.1177073255965678,0.007805697851082034,0.47368421052631576,0.0,0.0,0.0,mfcc,40
esc50,secondary,COPOD,0.5158333333333334,0.022408076971936863,0.11077416838217775,0.0051696144315276525,0.47368421052631576,0.0,0.0,0.0,mfcc,40
esc50,secondary,OCSVM,0.5061111111111111,0.07447475543787214,0.12393540014327815,0.025504769610899897,0.5,0.026152841842102825,0.13333333333333333,0.049690399499995326,mfcc,40
esc50,secondary,LODA,0.5038888888888888,0.039508945697442475,0.1402485430036588,0.026054356792294345,0.5146198830409358,0.029512615845301675,0.15555555555555553,0.06085806194501846,mfcc,40
esc50,secondary,ECOD,0.4438888888888889,0.03822095039873703,0.09692971708808673,0.005549408370231649,0.47368421052631576,0.0,0.0,0.0,mfcc,40
esc50,secondary,PCA,0.4341666666666667,0.06170481802826447,0.10114115927435383,0.01577630229132131,0.47953216374269003,0.013076420921051393,0.02222222222222222,0.049690399499995326,mfcc,40
esc50,primary,CBLOF,0.6719444444444445,0.025161515293238033,0.17223386384461495,0.014807862904355141,0.5131578947368421,0.012231871732954341,0.15555555555555553,0.06085806194501846,mfcc+chroma,64
esc50,primary,KNN,0.6655555555555555,0.04443793355087074,0.21157707946355195,0.05887035879750721,0.5321637426900585,0.03428666491098997,0.15555555555555553,0.06085806194501846,mfcc+chroma,64
esc50,primary,GMM,0.6547222222222222,0.030215915395861777,0.22967655137808868,0.0809711149228658,0.533625730994152,0.03444216078768933,0.15555555555555553,0.06085806194501846,mfcc+chroma,64
esc50,primary,IForest,0.6436111111111111,0.04972532578768445,0.1692665620084997,0.023117640308932565,0.5248538011695907,0.021311958679990115,0.15555555555555553,0.06085806194501846,mfcc+chroma,64
esc50,primary,HBOS,0.6244444444444445,0.03835949187989785,0.19644046673383117,0.0603576703689913,0.5116959064327485,0.035209340873661704,0.11111111111111112,0.07856742013183861,mfcc+chroma,64
esc50,primary,OCSVM,0.6063888888888889,0.058048245153769315,0.16930291007632858,0.0492239543038431,0.5175438596491228,0.026858440162096247,0.15555555555555553,0.06085806194501846,mfcc+chroma,64
esc50,primary,PCA,0.5952777777777778,0.06523787196308292,0.16333914775370537,0.04763905402813624,0.5116959064327485,0.025532528065165167,0.15555555555555553,0.06085806194501846,mfcc+chroma,64
esc50,primary,COPOD,0.59,0.05937723355123178,0.14717772496341924,0.01878305254929161,0.5073099415204678,0.023460243473510566,0.15555555555555553,0.06085806194501846,mfcc+chroma,64
esc50,primary,LOF,0.5852777777777778,0.029505309210461343,0.1508629890341768,0.02781284643717934,0.5175438596491228,0.03101345531519946,0.11111111111111112,0.07856742013183861,mfcc+chroma,64
esc50,primary,ECOD,0.5599999999999999,0.07200421155377985,0.1412846052082123,0.016892885828600997,0.5043859649122806,0.02334608102729726,0.13333333333333333,0.049690399499995326,mfcc+chroma,64
esc50,primary,LODA,0.5599999999999999,0.09731840480392312,0.15538000505419836,0.050881340428763244,0.5,0.026152841842102828,0.08888888888888888,0.09296222517045283,mfcc+chroma,64
esc50,secondary,CBLOF,0.6419444444444444,0.044001701005279614,0.17389275843052987,0.04623234910798032,0.5146198830409356,0.03888723999494264,0.13333333333333333,0.049690399499995326,mfcc+chroma,64
esc50,secondary,GMM,0.6205555555555555,0.038595120589697995,0.20249942434829435,0.06332190355652849,0.5175438596491228,0.035436256267663224,0.13333333333333333,0.049690399499995326,mfcc+chroma,64
esc50,secondary,IForest,0.6166666666666667,0.05047994957051741,0.1519633023860727,0.022667786764976883,0.510233918128655,0.02478921777458068,0.15555555555555553,0.06085806194501846,mfcc+chroma,64
esc50,secondary,LODA,0.6058333333333333,0.04729773374363673,0.19077659152522702,0.07488917533795442,0.5190058479532164,0.04692048694702112,0.13333333333333333,0.09296222517045283,mfcc+chroma,64
esc50,secondary,HBOS,0.6041666666666666,0.049700103708563516,0.16506409346991582,0.04571204662357274,0.5058479532163742,0.029961844344911153,0.11111111111111112,0.07856742013183861,mfcc+chroma,64
esc50,secondary,KNN,0.5872222222222222,0.07273721303771424,0.14170065732807496,0.024116391772173378,0.5014619883040936,0.018201607599398786,0.13333333333333333,0.049690399499995326,mfcc+chroma,64
esc50,secondary,COPOD,0.5725,0.060351976861666365,0.14140711578585372,0.01801053461697435,0.5043859649122806,0.02391144332426336,0.11111111111111112,0.07856742013183861,mfcc+chroma,64
esc50,secondary,OCSVM,0.5591666666666667,0.06689486407420363,0.13432168542048167,0.01912558795442411,0.5,0.018347807599431512,0.13333333333333333,0.049690399499995326,mfcc+chroma,64
esc50,secondary,PCA,0.5533333333333333,0.07367397734798634,0.13127105188260618,0.01871441319348491,0.4912280701754386,0.016015279459215416,0.11111111111111112,0.07856742013183861,mfcc+chroma,64
esc50,secondary,LOF,0.5416666666666666,0.05000964413163568,0.14827770134104284,0.04498880171944132,0.5058479532163742,0.02457271390931522,0.08888888888888888,0.049690399499995326,mfcc+chroma,64
esc50,secondary,ECOD,0.5341666666666667,0.07037981174480767,0.13355233828878144,0.015627186856066937,0.5029239766081871,0.020675636876799665,0.11111111111111112,0.07856742013183861,mfcc+chroma,64
esc50,primary,CBLOF,0.6741666666666667,0.07110921221423003,0.20637990039554346,0.06628049067999452,0.5263157894736843,0.02942194707236563,0.17777777777777776,0.06085806194501845,full,74
esc50,primary,GMM,0.6719444444444445,0.03205596475764236,0.23804363194349715,0.08011633346302209,0.5292397660818714,0.038887239994942674,0.13333333333333333,0.049690399499995326,full,74
esc50,primary,KNN,0.6525000000000001,0.06069460335600862,0.22677985048791444,0.06409922516524942,0.5365497076023391,0.03333846272219697,0.15555555555555553,0.06085806194501846,full,74
esc50,primary,HBOS,0.6461111111111111,0.03826886688732125,0.1463652533366415,0.013312759031229663,0.4780701754385965,0.004003819864803857,0.11111111111111112,0.0,full,74
esc50,primary,IForest,0.6425,0.05516005051520075,0.17303726032893735,0.022586962740941813,0.52046783625731,0.019061995336849855,0.15555555555555553,0.06085806194501846,full,74
esc50,primary,COPOD,0.5977777777777777,0.05574274021269274,0.155597254206899,0.01833256416607395,0.5073099415204678,0.01601527945921538,0.15555555555555553,0.06085806194501846,full,74
esc50,primary,LODA,0.5969444444444444,0.11927232430735563,0.15909872905026487,0.03589019437585197,0.4985380116959064,0.027642792984194517,0.11111111111111112,0.07856742013183861,full,74
esc50,primary,OCSVM,0.5900000000000001,0.06167198425521353,0.18204551528727234,0.05318279685746333,0.5292397660818714,0.03040443617410151,0.15555555555555553,0.06085806194501846,full,74
esc50,primary,PCA,0.5866666666666667,0.060839040828146576,0.16615348078551495,0.04769584301469143,0.5116959064327485,0.025532528065165167,0.15555555555555553,0.06085806194501846,full,74
esc50,primary,ECOD,0.5569444444444445,0.07825991437211557,0.15180504251897142,0.022410175289449257,0.5087719298245614,0.02334608102729726,0.13333333333333333,0.049690399499995326,full,74
esc50,primary,LOF,0.5483333333333333,0.04531908477059572,0.16756829605305276,0.0433873056800858,0.5248538011695907,0.03618236453439936,0.13333333333333333,0.049690399499995326,full,74
esc50,secondary,HBOS,0.6341666666666667,0.04175453697533583,0.14383774960362777,0.013229555286330104,0.48099415204678364,0.01266119011380759,0.11111111111111112,0.0,full,74
esc50,secondary,GMM,0.6224999999999999,0.04970398486148879,0.20428529052206593,0.06896492495405902,0.5146198830409356,0.03922926276315422,0.13333333333333333,0.049690399499995326,full,74
esc50,secondary,IForest,0.6191666666666666,0.07043323824291141,0.16028135765869012,0.03035778782501289,0.5073099415204678,0.019750374394892273,0.13333333333333333,0.049690399499995326,full,74
esc50,secondary,CBLOF,0.5925,0.05758112902464734,0.14509949354412321,0.021018927986920365,0.4970760233918129,0.015847575576519626,0.13333333333333333,0.049690399499995326,full,74
esc50,secondary,COPOD,0.5755555555555556,0.058006691291332076,0.14904701801547607,0.01743497572041885,0.5043859649122806,0.02391144332426336,0.11111111111111112,0.07856742013183861,full,74
esc50,secondary,KNN,0.5669444444444445,0.08925380823220158,0.1426778672221765,0.027212909170894545,0.5073099415204678,0.015158217363543667,0.15555555555555553,0.06085806194501846,full,74
esc50,secondary,LODA,0.5583333333333333,0.08871510790372945,0.15545111466694037,0.051219944370603565,0.5102339181286549,0.03349836034324442,0.13333333333333333,0.09296222517045283,full,74
esc50,secondary,PCA,0.5527777777777778,0.06977006990336897,0.13683936252007164,0.02030850871493658,0.4912280701754386,0.016015279459215416,0.11111111111111112,0.07856742013183861,full,74
esc50,secondary,OCSVM,0.5336111111111111,0.07473848439313388,0.1306473737315501,0.019303249643109515,0.4985380116959064,0.013279168219725855,0.15555555555555553,0.06085806194501846,full,74
esc50,secondary,ECOD,0.5283333333333333,0.07751443513514747,0.1384745081403303,0.02018354759112251,0.5029239766081871,0.02131195867999016,0.11111111111111112,0.07856742013183861,full,74
esc50,secondary,LOF,0.4955555555555556,0.06823530683425871,0.14463830015271678,0.033541098149889315,0.5146198830409358,0.022883736611840004,0.08888888888888888,0.049690399499995326,full,74
urbansound8k,primary,KNN,0.8388089330024814,0.025802990759746163,0.39556813383203643,0.020641349149671372,0.6723410982726504,0.014080181232625309,0.4861538461538462,0.017541160386140574,mfcc,40
urbansound8k,primary,GMM,0.8363954551390884,0.027916539909359984,0.403403298243113,0.01693786464715832,0.6748431088168377,0.013053281791024156,0.46153846153846156,0.03768445758127966,mfcc,40
urbansound8k,primary,CBLOF,0.8284445605328458,0.026089763218406906,0.3795335563773737,0.03141444253171611,0.667144614834723,0.025651740576008192,0.4861538461538462,0.05171611173529725,mfcc,40
urbansound8k,primary,OCSVM,0.800088807627008,0.028430181364653258,0.37162381245272225,0.025963123127439043,0.6741035035021274,0.020806440951273427,0.49230769230769234,0.03922322702763678,mfcc,40
urbansound8k,primary,IForest,0.7983231030429673,0.026827113593385035,0.32204251202865586,0.025484266159998104,0.6378628430813222,0.020325373506384182,0.42153846153846153,0.05171611173529729,mfcc,40
urbansound8k,primary,LODA,0.7733263680292544,0.033710910651239635,0.33453012193720355,0.050971237412810455,0.6484317755339112,0.03665225180990985,0.44000000000000006,0.07265057817303133,mfcc,40
urbansound8k,primary,PCA,0.767491184537025,0.027677876153965386,0.3271136888617846,0.01984786789119284,0.6435019899232213,0.019262585836524276,0.43692307692307697,0.048161464130764664,mfcc,40
urbansound8k,primary,HBOS,0.764936659266031,0.016108092085534032,0.2561274482585886,0.009810690462960034,0.5919935662586007,0.00576780375339912,0.316923076923077,0.013760418323075632,mfcc,40
urbansound8k,primary,COPOD,0.7157946976622698,0.023552751318644278,0.23408396026405393,0.007440452144934066,0.5823099606139549,0.007611893497378102,0.3076923076923077,0.024325212770525996,mfcc,40
urbansound8k,primary,ECOD,0.6662086979234687,0.01876168647222535,0.17368741748992228,0.009883019130653252,0.5460555528824673,0.008788626796710757,0.21846153846153848,0.020059084323700467,mfcc,40
urbansound8k,primary,LOF,0.6401097035392451,0.01283035226700833,0.12749456915330445,0.003836067354758846,0.48550139878886195,0.0016023019901329311,0.07692307692307693,0.010878565864408425,mfcc,40
urbansound8k,secondary,KNN,0.8039284315005878,0.021429603918020863,0.3204094894754631,0.014713666248142127,0.6238158410260992,0.006612366408430731,0.38153846153846155,0.020059084323700464,mfcc,40
urbansound8k,secondary,CBLOF,0.7974715946193026,0.03213012684726658,0.2992224080178486,0.01947236966222006,0.6009540633613549,0.011798694565529124,0.3353846153846154,0.04128125496922689,mfcc,40
urbansound8k,secondary,GMM,0.7940603369465848,0.02709197782080827,0.3090531068917198,0.014796772425788467,0.6100850271165703,0.008233967771131862,0.34461538461538466,0.023331924443235542,mfcc,40
urbansound8k,secondary,IForest,0.7787697531670367,0.026667898893001543,0.30769906117606527,0.024427080313123635,0.6210306358818556,0.01775891407182924,0.38461538461538464,0.03768445758127966,mfcc,40
urbansound8k,secondary,OCSVM,0.7776100300378739,0.02879156302395906,0.3227367434087636,0.024975027709919752,0.6395372655224322,0.019819359116606438,0.4153846153846154,0.0435142634576337,mfcc,40
urbansound8k,secondary,HBOS,0.7562700796656654,0.02067020421041046,0.2551642527041117,0.012393486123095125,0.5949024971989855,0.008880047641608348,0.32923076923076927,0.02064062748461344,mfcc,40
urbansound8k,secondary,PCA,0.7510513255844325,0.029204648055619908,0.3037073431736423,0.022994283313460543,0.6302990727438945,0.019737041762979805,0.4184615384615385,0.056943863148682314,mfcc,40
urbansound8k,secondary,COPOD,0.7425153454355492,0.020641377789482874,0.24194911922386053,0.012159779633055631,0.5845672690279964,0.007545704605509358,0.3107692307692308,0.016853001769389715,mfcc,40
urbansound8k,secondary,LODA,0.7222201906751992,0.04358850322729392,0.29400651497494074,0.07935134891324773,0.6221331701985798,0.06152645917214985,0.38461538461538464,0.12963307343348246,mfcc,40
urbansound8k,secondary,ECOD,0.6401305994514823,0.01832987937088455,0.15127030592978746,0.008798313661152874,0.5279723404109071,0.009425373158586664,0.19384615384615386,0.02794754173013069,mfcc,40
urbansound8k,secondary,LOF,0.5178111531931566,0.026098571684017004,0.09959435619121408,0.005951741082755291,0.48220204422509844,0.003471224530692391,0.04307692307692308,0.006880209161537815,mfcc,40
urbansound8k,primary,KNN,0.8235758129815854,0.016511960890104718,0.3396092022227509,0.014829001227244041,0.6097935841301045,0.00528203986259274,0.3323076923076923,0.013760418323075625,mfcc+chroma,64
urbansound8k,primary,CBLOF,0.807919550737887,0.022622474532510352,0.32587240505063664,0.018490453547157715,0.6026449825752838,0.024623938293413177,0.32,0.053736151374070715,mfcc+chroma,64
urbansound8k,primary,GMM,0.8073814809977797,0.023804067925690092,0.3519629067132398,0.012994052321135917,0.6110830818721087,0.004884084980595806,0.3323076923076923,0.013760418323075632,mfcc+chroma,64
urbansound8k,primary,OCSVM,0.7945513908841584,0.026568657585559586,0.34569839612471737,0.016603730719960196,0.6416818459888785,0.014403939855897073,0.4153846153846154,0.034401045807689073,mfcc+chroma,64
urbansound8k,primary,IForest,0.7631396108136346,0.019735676451833065,0.28794849362218217,0.011936264939635545,0.6201563069224584,0.00960217225855262,0.36,0.033706003538779464,mfcc+chroma,64
urbansound8k,primary,PCA,0.7461303382525795,0.025794648698173973,0.2896097182159574,0.011286653912209501,0.6181711952599274,0.006862438005812578,0.37230769230769234,0.006880209161537812,mfcc+chroma,64
urbansound8k,primary,HBOS,0.7420138435418571,0.01841747711880547,0.25667394759141576,0.011380763024568422,0.6059360887526377,0.0071919026600475245,0.34461538461538466,0.023331924443235546,mfcc+chroma,64
urbansound8k,primary,LODA,0.7339741413086065,0.04659294774880451,0.2790846689331502,0.027850801380168135,0.6083748616676863,0.014311071253524531,0.3353846153846154,0.022819072267986646,mfcc+chroma,64
urbansound8k,primary,COPOD,0.7192164032911063,0.017471077016859245,0.24115253353853042,0.010922727700120463,0.590343888976719,0.008948892113518537,0.316923076923077,0.017541160386140585,mfcc+chroma,64
urbansound8k,primary,ECOD,0.6691236776805538,0.021592490391057463,0.18280229790006278,0.01686852093626078,0.5401634555240131,0.012406010677260222,0.20307692307692307,0.027520836646151257,mfcc+chroma,64
urbansound8k,primary,LOF,0.6645788167689697,0.018464957603676366,0.13453254703303894,0.006973818894518057,0.4792106294206196,0.0033765813042997603,0.06769230769230769,0.02064062748461344,mfcc+chroma,64
urbansound8k,secondary,KNN,0.769852422619825,0.01119189904466598,0.25834524911260714,0.007827685487081036,0.5790023576637819,0.0093580772199882,0.27076923076923076,0.023331924443235546,mfcc+chroma,64
urbansound8k,secondary,OCSVM,0.7649993470027426,0.025712886202789338,0.28912384061493585,0.012694898489640859,0.6090952207474413,0.006954930097565814,0.3507692307692308,0.00688020916153784,mfcc+chroma,64
urbansound8k,secondary,GMM,0.7499595141700406,0.020903146194618565,0.2530804927335544,0.010425636267146678,0.5655684856649918,0.007336604971844178,0.26769230769230773,0.013760418323075639,mfcc+chroma,64
urbansound8k,secondary,IForest,0.7489042706020635,0.018416119422784972,0.27555280553544703,0.013555757472043626,0.6050012716262382,0.012606813838153836,0.3323076923076923,0.027947541730130702,mfcc+chroma,64
urbansound8k,secondary,CBLOF,0.7430847590440119,0.019210961794034247,0.24983207652334313,0.02378616714835301,0.5691757799880398,0.022068494081520056,0.2523076923076923,0.03861507814772657,mfcc+chroma,64
urbansound8k,secondary,HBOS,0.7294345043750816,0.018450394233032456,0.24987432696822603,0.008244126541466161,0.6054659307273015,0.005409396437888605,0.3507692307692308,0.016853001769389746,mfcc+chroma,64
urbansound8k,secondary,PCA,0.7264620608593444,0.025491558363220073,0.264222344436548,0.009632430648896975,0.6013664826818255,0.006741548561928774,0.32923076923076927,0.013760418323075624,mfcc+chroma,64
urbansound8k,secondary,COPOD,0.7206947890818858,0.01916275742776383,0.23513893535385327,0.009068741141888869,0.5941051531794093,0.006758999196664908,0.32923076923076927,0.020640627484613448,mfcc+chroma,64
urbansound8k,secondary,LODA,0.7140394410343477,0.06596058953004384,0.2386740874543048,0.05701832655540557,0.5824034423265949,0.03908298846484686,0.28,0.08661962006313385,mfcc+chroma,64
urbansound8k,secondary,ECOD,0.6462531017369727,0.021761179602021778,0.1530190021226659,0.011149890071762715,0.5147474275344885,0.008062038823244928,0.13846153846153847,0.024325212770525996,mfcc+chroma,64
urbansound8k,secondary,LOF,0.5166409821078751,0.031160829884984007,0.09740952287158713,0.0065328585117482175,0.4743853233711155,0.000709819326982565,0.015384615384615385,0.015384615384615385,mfcc+chroma,64
urbansound8k,primary,KNN,0.8435627530364374,0.02282687435845885,0.40780203178888924,0.02446794328788,0.6607823594509324,0.014602725761262455,0.42153846153846153,0.027947541730130695,full,74
urbansound8k,primary,GMM,0.8201332114405119,0.029699380029796326,0.4180703914506235,0.027066709466670703,0.657892674745503,0.016435844492815835,0.4184615384615385,0.03508232077228117,full,74
urbansound8k,primary,CBLOF,0.7975238343998955,0.035769730202489435,0.3721104746177564,0.0553237795617377,0.6365705958771816,0.03569927461751683,0.37538461538461537,0.0750542210316952,full,74
urbansound8k,primary,OCSVM,0.7869975186104219,0.030647928855199152,0.37956934533533987,0.028501605403706096,0.6770674236852415,0.021118463674587456,0.4953846153846154,0.053736151374070694,full,74
urbansound8k,primary,IForest,0.7546088546428106,0.03968730344170338,0.30576652470213045,0.03489781559717808,0.6337139047173896,0.020858343331952623,0.39384615384615385,0.049374789341172974,full,74
urbansound8k,primary,HBOS,0.7533237560402247,0.02403521734225336,0.2735000033977296,0.014448762209454279,0.6175443178928123,0.007741546294060342,0.37230769230769234,0.012871692715908857,full,74
urbansound8k,primary,PCA,0.7466161682120935,0.03276037923606179,0.33032743307691037,0.02096242509905716,0.6561687619859364,0.014722469270826715,0.4584615384615384,0.039822089555522404,full,74
urbansound8k,primary,LODA,0.739757085020243,0.03547545863526414,0.3170290247906652,0.05005480761711868,0.6343407820845047,0.02428868260918023,0.39692307692307693,0.06652845633981433,full,74
urbansound8k,primary,COPOD,0.7297897348831135,0.023253319439236957,0.24685249725596412,0.008254521009706417,0.5959610401215263,0.010240563567737292,0.3261538461538461,0.03673026580404097,full,74
urbansound8k,primary,ECOD,0.6790074441687345,0.023283149192285326,0.18500287246219552,0.01300731515711204,0.5467786614243588,0.010792264939275613,0.22153846153846155,0.01754116038614058,full,74
urbansound8k,primary,LOF,0.6742797440250751,0.013636051274019465,0.13652409746416314,0.004982029341840512,0.4804011465257109,0.004863251782463577,0.06153846153846154,0.018842228790639834,full,74
urbansound8k,secondary,KNN,0.7977536894345043,0.018230944346285256,0.2972605905939991,0.020614508872111956,0.6007698493982114,0.006263869751465671,0.3261538461538461,0.016853001769389756,full,74
urbansound8k,secondary,GMM,0.7732793522267206,0.03050633223701947,0.3088986217526632,0.0218940296898194,0.595215935882543,0.0065241570426960846,0.3384615384615385,0.01884222879063983,full,74
urbansound8k,secondary,OCSVM,0.7579051847982239,0.031183433161647435,0.326421421458511,0.028478472923125032,0.6514039441034348,0.018958856302167242,0.4461538461538462,0.04615384615384616,full,74
urbansound8k,secondary,CBLOF,0.7465482564973227,0.02699749763565668,0.26931283922126287,0.024680792090627353,0.5844462926939917,0.014855834599836103,0.27692307692307694,0.03440104580768906,full,74
urbansound8k,secondary,HBOS,0.7395846937442863,0.02629796292995771,0.26526681823782416,0.011916447730613617,0.6133596365211056,0.00589515554991729,0.38153846153846155,0.016853001769389725,full,74
urbansound8k,secondary,IForest,0.7306882591093118,0.03790167810554136,0.2680184522781781,0.05239309363904708,0.6120563914684191,0.03946870565819795,0.36000000000000004,0.09332769777294216,full,74
urbansound8k,secondary,COPOD,0.7283583648948675,0.025232499461397214,0.24637455516305792,0.013033141961382902,0.6023287944295898,0.007587527967058437,0.3507692307692308,0.02527950265408459,full,74
urbansound8k,secondary,PCA,0.7215776413739062,0.033769086810317026,0.29860969244635494,0.023089079661186316,0.6379205817861882,0.014331182038758602,0.4276923076923077,0.0398220895555224,full,74
urbansound8k,secondary,LODA,0.6870941622045187,0.0220865072429793,0.24676730462090785,0.03187835994268057,0.5841823443288907,0.019039021268235933,0.2892307692307693,0.02959289855641747,full,74
urbansound8k,secondary,ECOD,0.6527778503330286,0.024245580466891372,0.15972042555283206,0.01122489352309716,0.5195589862733103,0.008204374974717609,0.16923076923076924,0.028781979898261093,full,74
urbansound8k,secondary,LOF,0.5221209350920726,0.033128010393972486,0.0976178829270356,0.006636837331257808,0.4749352157984094,0.0013100400877850045,0.015384615384615385,0.015384615384615385,full,74
ravdess,primary,OCSVM,0.9766666666666668,0.034686092313779004,0.8935000000000001,0.14724129855444765,0.9105263157894736,0.11372258124385211,0.8,0.24494897427831777,mfcc,40
ravdess,primary,PCA,0.9674999999999999,0.05467708234108085,0.8825906460689069,0.16909967097528433,0.9052631578947368,0.12192666915013371,0.8,0.24494897427831777,mfcc,40
ravdess,primary,HBOS,0.9666666666666668,0.03535533905932742,0.8423419064595535,0.13005111643703895,0.8666666666666668,0.09632162127233239,0.68,0.17888543819998315,mfcc,40
ravdess,primary,LOF,0.96,0.048286615352727096,0.8413881208397338,0.10151185050516785,0.8824561403508773,0.06182499452224965,0.72,0.1095445115010333,mfcc,40
ravdess,primary,ECOD,0.9558333333333333,0.06452282111349796,0.8496017316017316,0.16705112906276526,0.881578947368421,0.11637279966159303,0.72,0.17888543819998315,mfcc,40
ravdess,primary,IForest,0.9550000000000001,0.07852812659593164,0.8821253229529091,0.170548900736031,0.9192982456140351,0.1062454170430861,0.8400000000000001,0.16733200530681513,mfcc,40
ravdess,primary,KNN,0.9541666666666666,0.08650224788344459,0.8811045751633987,0.1790613391454337,0.9140350877192983,0.11338376749745759,0.8,0.24494897427831777,mfcc,40
ravdess,primary,COPOD,0.945,0.11154688849687082,0.8875224292615597,0.18674990576321168,0.9228070175438596,0.11697459692182356,0.8,0.24494897427831777,mfcc,40
ravdess,primary,CBLOF,0.9400000000000001,0.07663722260683052,0.8519779286926994,0.18302979371958605,0.8947368421052632,0.12892051277806205,0.8,0.24494897427831777,mfcc,40
ravdess,primary,LODA,0.9349999999999999,0.1318142632646406,0.8669776962168267,0.21895832022050962,0.9105263157894736,0.13875185606804286,0.8,0.282842712474619,mfcc,40
ravdess,primary,GMM,0.9225,0.11735659097146799,0.827909645909646,0.18427980827620571,0.881578947368421,0.12023465054274392,0.72,0.17888543819998315,mfcc,40
ravdess,secondary,OCSVM,0.9666666666666666,0.04526158538000083,0.8736965811965811,0.16840318911477034,0.8982456140350876,0.129159033819691,0.8,0.24494897427831777,mfcc,40
ravdess,secondary,HBOS,0.9591666666666667,0.06423967707819764,0.8609543049543049,0.16782429464291418,0.8929824561403509,0.11754876920880707,0.76,0.21908902300206642,mfcc,40
ravdess,secondary,PCA,0.9591666666666667,0.06252777160768022,0.8665945165945166,0.18113937683345488,0.8947368421052632,0.12892051277806205,0.8,0.24494897427831777,mfcc,40
ravdess,secondary,IForest,0.9516666666666668,0.07764994455174382,0.8882738095238094,0.13247785721795632,0.9236842105263158,0.08468433955190997,0.8,0.14142135623730953,mfcc,40
ravdess,secondary,ECOD,0.95,0.0569020845156153,0.8152732365673542,0.15030293949936638,0.8596491228070174,0.1006385430314366,0.72,0.17888543819998315,mfcc,40
ravdess,secondary,LODA,0.9433333333333334,0.05793015430479862,0.8374603174603173,0.11955401555541555,0.8842105263157896,0.07356140560081337,0.72,0.10954451150103328,mfcc,40
ravdess,secondary,CBLOF,0.9425000000000001,0.04745246159169316,0.816429760171179,0.13422088491466524,0.8640350877192983,0.10182619970389391,0.68,0.17888543819998315,mfcc,40
ravdess,secondary,KNN,0.9408333333333333,0.09914565603752452,0.8598258145363408,0.1836598262496911,0.9017543859649123,0.12192666915013373,0.8,0.24494897427831777,mfcc,40
ravdess,secondary,LOF,0.9333333333333333,0.048232653761625915,0.7806248196248197,0.10306943494156853,0.8421052631578947,0.06907024450887556,0.6799999999999999,0.10954451150103324,mfcc,40
ravdess,secondary,COPOD,0.9316666666666666,0.1322416243934648,0.8678657262277951,0.19834151705734432,0.9026315789473685,0.13012352963238014,0.8,0.24494897427831777,mfcc,40
ravdess,secondary,GMM,0.8458333333333334,0.13670858097102428,0.6477441930618402,0.17192929068806434,0.7631578947368421,0.08940270662561196,0.5599999999999999,0.1673320053068151,mfcc,40
ravdess,primary,CBLOF,0.9783333333333333,0.03515837184954831,0.9066269841269842,0.1327666825694756,0.9271929824561405,0.09637153661033171,0.8400000000000001,0.16733200530681516,mfcc+chroma,64
ravdess,primary,OCSVM,0.9783333333333333,0.030956959368344517,0.923611111111111,0.11225968846527672,0.9368421052631579,0.0941502306315701,0.8800000000000001,0.1788854381999832,mfcc+chroma,64
ravdess,primary,KNN,0.9708333333333332,0.06059599821770418,0.9252380952380952,0.13096969582498766,0.9491228070175438,0.08991762928036785,0.8400000000000001,0.16733200530681508,mfcc+chroma,64
ravdess,primary,LOF,0.9641666666666666,0.05242388662517202,0.8714734299516907,0.1294709761660781,0.9008771929824562,0.07922708730918018,0.76,0.08944271909999166,mfcc+chroma,64
ravdess,primary,GMM,0.945,0.08586771156196545,0.8605707070707072,0.11807495870365618,0.8885964912280702,0.0696664656475869,0.76,0.08944271909999166,mfcc+chroma,64
ravdess,primary,PCA,0.9433333333333334,0.053245370169099596,0.7969841824841823,0.14045593533680786,0.8394736842105264,0.08867896109543946,0.68,0.17888543819998312,mfcc+chroma,64
ravdess,primary,LODA,0.9349999999999999,0.0716012298156331,0.783820577083735,0.17339055816891186,0.8464912280701755,0.1113033117583291,0.64,0.16733200530681513,mfcc+chroma,64
ravdess,primary,IForest,0.9333333333333333,0.055119818980512415,0.7736977466977467,0.11398650554174128,0.8368421052631578,0.06190273250658721,0.64,0.0894427190999916,mfcc+chroma,64
ravdess,primary,HBOS,0.9258333333333333,0.034409704703437675,0.6605580618212197,0.10125400743644035,0.7315789473684211,0.08077799602260588,0.48,0.17888543819998315,mfcc+chroma,64
ravdess,primary,ECOD,0.9083333333333334,0.03773077140890588,0.636321465084623,0.09039277264004755,0.7201754385964912,0.046664687993931205,0.48,0.1095445115010332,mfcc+chroma,64
ravdess,primary,COPOD,0.8958333333333333,0.11051489341562372,0.6983637020107609,0.1267257701233104,0.7789473684210526,0.06487670907754599,0.5599999999999999,0.08944271909999155,mfcc+chroma,64
ravdess,secondary,CBLOF,0.9616666666666667,0.06342372934828451,0.8848861283643892,0.1478762977922845,0.9192982456140351,0.09348383525830235,0.8,0.14142135623730956,mfcc+chroma,64
ravdess,secondary,KNN,0.9541666666666666,0.07694243880258081,0.8568484383000513,0.1651318112219389,0.8921052631578947,0.10795177496772661,0.72,0.17888543819998315,mfcc+chroma,64
ravdess,secondary,OCSVM,0.9516666666666665,0.04336136913582562,0.8394141414141414,0.11341910544638015,0.8754385964912281,0.08138299423901833,0.72,0.10954451150103328,mfcc+chroma,64
ravdess,secondary,LOF,0.9491666666666667,0.0522414267288582,0.8156897546897547,0.11136224262213144,0.868421052631579,0.0687212263859316,0.76,0.08944271909999166,mfcc+chroma,64
ravdess,secondary,PCA,0.9166666666666667,0.05408647910727985,0.7115888000888001,0.12702398815287427,0.787719298245614,0.07886203965699339,0.6,0.14142135623730953,mfcc+chroma,64
ravdess,secondary,HBOS,0.9108333333333333,0.052423886625172056,0.6422695780760124,0.11776553351598068,0.7315789473684211,0.07712317417660797,0.48,0.1095445115010332,mfcc+chroma,64
ravdess,secondary,IForest,0.9091666666666667,0.05693258684131993,0.7322391663084262,0.13718786889269435,0.8096491228070176,0.09312303176905422,0.64,0.16733200530681513,mfcc+chroma,64
ravdess,secondary,LODA,0.9025000000000001,0.05108204185425633,0.6726360665478313,0.15526496587503275,0.7675438596491228,0.09020598158422433,0.5599999999999999,0.1673320053068151,mfcc+chroma,64
ravdess,secondary,COPOD,0.8891666666666665,0.11702326454361303,0.658429103060682,0.14252605328061313,0.7578947368421052,0.07655990398454335,0.5599999999999999,0.08944271909999155,mfcc+chroma,64
ravdess,secondary,ECOD,0.8741666666666668,0.041499665326629076,0.5592105933282404,0.12286436227305515,0.6824561403508772,0.07244148358618449,0.4,0.1414213562373095,mfcc+chroma,64
ravdess,secondary,GMM,0.8400000000000001,0.10791586228786453,0.5193119662055832,0.1460041864292631,0.6850877192982455,0.055426519892716214,0.48,0.1095445115010332,mfcc+chroma,64
ravdess,primary,CBLOF,0.9991666666666668,0.0018633899812498039,0.9933333333333334,0.014907119849998662,0.9956140350877194,0.009807315690788517,0.96,0.08944271909999157,full,74
ravdess,primary,OCSVM,0.9966666666666667,0.007453559924999287,0.9822222222222223,0.03975231959999632,0.9824561403508772,0.03922926276315424,0.96,0.08944271909999157,full,74
ravdess,primary,PCA,0.9866666666666667,0.021122986426060954,0.9286666666666668,0.08786353054595515,0.9526315789473685,0.06290458461160446,0.8400000000000001,0.16733200530681513,full,74
ravdess,primary,KNN,0.9858333333333335,0.031677629681247016,0.9690909090909091,0.06911482839544802,0.9789473684210528,0.047075115315785,0.96,0.08944271909999157,full,74
ravdess,primary,LOF,0.985,0.03354101966249685,0.9686956521739131,0.0699986497304282,0.9789473684210528,0.047075115315785,0.96,0.08944271909999157,full,74
ravdess,primary,IForest,0.9766666666666666,0.03881938232950703,0.9194893029675638,0.10554629511926207,0.9350877192982455,0.08030029818488285,0.8400000000000001,0.16733200530681513,full,74
ravdess,primary,GMM,0.9666666666666666,0.0507752400289748,0.9137394957983194,0.08945776798787203,0.9315789473684211,0.0729047114589214,0.8400000000000001,0.16733200530681513,full,74
ravdess,primary,LODA,0.9641666666666667,0.04682636365695429,0.8492063492063492,0.17412271557905598,0.8807017543859649,0.12856190147762292,0.76,0.260768096208106,full,74
ravdess,primary,HBOS,0.9541666666666666,0.029017475577466933,0.7503066378066378,0.11529281558819554,0.8026315789473685,0.07894736842105259,0.52,0.1095445115010332,full,74
ravdess,primary,COPOD,0.9233333333333335,0.0637785883610897,0.6967088380029557,0.1292593146295037,0.7745614035087719,0.09050404322772732,0.52,0.1095445115010332,full,74
ravdess,primary,ECOD,0.9208333333333334,0.039856513478560465,0.6848506493506493,0.10403870602313316,0.75,0.07153292293991269,0.48,0.1095445115010332,full,74
ravdess,secondary,CBLOF,0.9758333333333333,0.04054746875234291,0.9243589743589744,0.09316619121090482,0.9438596491228071,0.06151306016816826,0.8400000000000001,0.16733200530681513,full,74
ravdess,secondary,LOF,0.9625,0.06059599821770408,0.8617575757575757,0.1286929243609379,0.9096491228070176,0.08019242401368427,0.76,0.08944271909999166,full,74
ravdess,secondary,KNN,0.9616666666666667,0.06497862896539315,0.8616666666666667,0.16927541660461706,0.8973684210526315,0.12251688786299766,0.72,0.17888543819998315,full,74
ravdess,secondary,HBOS,0.9475,0.04088856808449028,0.767790346907994,0.15810770590381154,0.8043859649122806,0.12168978011900136,0.6,0.2449489742783178,full,74
ravdess,secondary,OCSVM,0.9375,0.05488308280133121,0.8057843915343914,0.10735467699981843,0.8473684210526315,0.07768236023724,0.72,0.10954451150103328,full,74
ravdess,secondary,COPOD,0.9116666666666667,0.07617140758403598,0.6667321697909933,0.12715994982153042,0.7535087719298246,0.06640066971149314,0.5599999999999999,0.08944271909999155,full,74
ravdess,secondary,IForest,0.9091666666666667,0.07724644903740821,0.7304697802197803,0.1662187043456953,0.8035087719298246,0.11447284398427952,0.6,0.19999999999999998,full,74
ravdess,secondary,PCA,0.8991666666666667,0.06403666484479373,0.6911037851037851,0.12504534238550566,0.7719298245614035,0.07973534632762212,0.5599999999999999,0.1673320053068151,full,74
ravdess,secondary,LODA,0.8841666666666667,0.0883588799536677,0.6347019908196379,0.17987111736805675,0.7421052631578948,0.10320539841912395,0.5599999999999999,0.1673320053068151,full,74
ravdess,secondary,ECOD,0.8825,0.047907607839349414,0.5914190809190809,0.11989907404351997,0.7087719298245614,0.06597925842505895,0.48,0.1095445115010332,full,74
ravdess,secondary,GMM,0.8033333333333333,0.06688765456594614,0.4818670188387227,0.07786032563079315,0.6456140350877193,0.04593761744833741,0.36,0.08944271909999157,full,74
