EDT,T20,T30,C50,C80,D50,Ts,rir
0.040895365010548905,0.307697953934272,0.30815814198390046,17.936674022834893,23.91825648200986,0.9841728048256834,0.004144306556067195,h001_Bedroom_65txts.wav
0.25204597547150165,0.3139325246825199,0.33424891575529325,14.627418576397904,20.018523679792217,0.9666921697122862,0.008388404410315596,h002_Bedroom_62txts.wav
1.139717144222183,,0.01140288980298879,47.168796098356566,49.28760550314988,0.9999808083614672,0.0010010167908090395,h003_Office_LargeBrickWalledOpenPlanOffice_56txts.wav
0.007298180978204509,0.4089838462414982,0.47420311102008755,20.265376706469333,24.425244647440234,0.9906804291786784,0.002564735533267508,h004_LivingRoom_Large_48txts.wav
0.06804255308206082,0.12743782920080907,0.22664082630780577,32.72677177541646,38.20284570885804,0.9994665532326775,0.0011621543345891304,h005_Office_Small_44txts.wav
0.04541403785412611,0.2515027427653242,0.2889217973175167,20.307533360642896,26.77159317055278,0.9907696249555934,0.003959476951662796,h006_Bedroom_42txts.wav
0.3481125930271562,0.3515216029513359,0.38144884847500965,7.861380662901602,13.693715485474684,0.8593799770665758,0.025965859425702897,h007_Bathroom_Small_41txts.wav
0.06620475520368378,0.4073284259898841,0.35462844619102785,26.492281017694882,32.040493681750704,0.9977623147717412,0.0013295068530767612,h008_Bedroom_35txts.wav
0.159370682479539,0.1882170584769453,0.1912143796279826,21.06751644611228,30.206735562964866,0.9922399403434795,0.00508997651653175,h009_Office_32txts.wav
0.02683624169498549,0.2484522411072073,0.3614500343868069,22.050443141686763,27.10173831196275,0.9938019435466454,0.002900809365034912,h010_Livingroom_31txts.wav
0.02522889685968412,0.05284388001815812,0.05730932048740212,42.13904040709948,46.67212189964323,0.9999388960309064,0.0018088985726749324,h011_Car_29txts.wav
0.014304376327758737,0.3621171586323585,0.38252229840366164,19.148882078900968,23.304147826092677,0.9879812173783791,0.0033711273631547526,h012_Kitchen_22txts.wav
0.2864102506709676,0.34204191299478753,0.3449573242187181,12.323277533677485,17.3999411738388,0.9446709989143077,0.011383559660847193,h013_Hospital_ExaminationRoom_19txts.wav
0.09741584858343737,0.3069514475664719,0.3399171236389386,17.409469242613937,22.71235869252465,0.9821664352025676,0.004949632292026201,h014_HomeExerciseRoom_18txts.wav
0.22367976765490163,0.2922695772056227,0.31127030910257564,14.34408731862274,21.048660372430625,0.9645263903320085,0.008520880433351669,h015_Bedroom_174txts.wav
0.4286643639691207,0.5793659614106718,0.5980873826361246,10.272174249529133,13.827127485643658,0.9141392041407401,0.012384000396099383,h016_MasterBedroom_15txts.wav
0.02099116658553085,0.3714841711387924,0.39753473151950114,17.469584561562126,22.217785318235688,0.9824072750145806,0.004081966131606574,h017_Livingroom_152txts.wav
0.09141589346715204,0.23500504186487622,0.25251945331699693,19.678279786172737,26.859147057283025,0.9893458172143369,0.004246917987367679,h018_Kitchen_12txts.wav
0.007829819526412466,0.9567633772079364,1.7887929077597085,22.509251754681383,23.641594522341,0.9944198661500812,0.0023668459934860866,h019_MITCampus_Atrium_1txts.wav
0.26092568812662975,0.3029492798735407,0.32582974071566295,30.031291832251306,35.232867231183555,0.9990081640306141,0.0011824512803584087,h020_Livingroom_10txts.wav
0.3067803032305997,0.4541036737638895,0.5190976282181551,12.838837023892026,17.045694314052245,0.9505581202703222,0.009418446062217308,h021_Bedroom_102txts.wav
0.008008638900792984,0.21627134116239977,0.33342250566130827,26.761647518674557,31.256440922677786,0.9978966052126329,0.0016495571273465058,h022_Office_Foyer_9txts.wav
0.04297711127747857,0.14297866231200682,0.15317608814216885,40.13648216295373,47.46408325565546,0.9999031031408514,0.0010384649052194981,h023_Bedroom_9txts.wav
0.28684768395013227,0.3300359308053056,0.35203709533883276,10.42107025008448,16.318452453047602,0.9167922271915862,0.017860818569998084,h024_Bathroom_9txts.wav
0.10516955057005963,0.8536205878620718,0.9724202797096843,12.574054508333358,14.690121797021508,0.9476127679115712,0.008267020717273312,h025_Diningroom_8txts.wav
1.1953488821318368,1.4485026079196546,1.5676979083407734,7.087450946973228,8.722219007560154,0.8364360318224932,0.02768420540789963,h026_Gym_8txts.wav
0.027198453559394216,0.3393552836662198,0.39054502527579904,18.37635915445783,24.59484187942852,0.9856748961089123,0.0036703319197701496,h027_Classroom_8txts.wav
0.3513123262324201,0.5081868054088309,0.5808735647201619,10.501795207453213,14.36879163758318,0.9181992279709664,0.014400604394341567,h028_Classroom_8txts.wav
0.02142261498893843,0.392922931019509,0.40993104759958887,17.348533755259442,21.995195866347093,0.981919006461739,0.004027131984924127,h029_BabysRoom_8txts.wav
0.1338495693423475,0.20284462123550182,0.21358941591855168,19.453087187576585,26.918181366396297,0.9887851564497869,0.0070972311729686635,h030_Campground_AFrameCabin_8txts.wav
0.3272163922471556,0.35438488158958703,0.3709840817530386,10.967488549742733,15.978060167168827,0.9259004705938682,0.01555605496793069,h031_Bedroom_7txts.wav
0.3805162134342298,0.45332433432186386,0.46364108334703596,9.992854853209437,14.590682015619393,0.9089548480542274,0.015075794700674067,h032_Bedroom_6txts.wav
0.013734883652219155,0.612359275000375,0.5862556816698102,16.49612784636155,19.148633072943863,0.9780838974273081,0.00443621943508146,h033_Classroom_6txts.wav
0.9775536298799394,0.8969993309821404,0.9179263964351388,6.384325391260531,8.364850359621864,0.8130642633276493,0.02647080373874541,h034_Classroom_6txts.wav
0.03273908047361572,0.33589169415740977,0.3477871842675216,18.22022356722233,23.264522417561942,0.9851582994912537,0.004415855686037901,h035_Bar_LargeSportsBar_5txts.wav
0.5691554030936355,0.6791253734300675,0.7905766653422922,3.7859744805730475,8.446442166415187,0.7051102966282794,0.039287298088977,h036_Bathroom_5txts.wav
0.029418860300976783,0.0836610028427046,0.1615006045320245,31.816217840597613,37.20319390816236,0.9993422021586313,0.002187230543900824,h037_Classroom_5txts.wav
0.009658580518867478,0.0718546273365585,0.2779076205338816,32.64669561033227,34.38267033968711,0.9994566315814422,0.0014922351885558037,h038_2ndFloorBalconyOfWoodenHouse_5txts.wav
0.011025972247883598,1.103328899456717,0.8647453498395334,21.179556452478224,22.285259806964977,0.9924360804746581,0.0021086453117427537,h039_Classroom_5txts.wav
0.029456291475601457,0.8109013539891273,1.6722666712103698,15.304577047922628,16.672057709920104,0.9713632349041961,0.006141655358887885,h040_Clasroom_5txts.wav
0.8321820327765721,4.669908406623704,4.549223624316279,4.530724850140517,6.9257841269001075,0.7394742873737656,0.0641615299679226,h041_TrainStation_SouthStationBoston_4txts.wav
0.7466783802372878,2.035738499273841,2.1615077734914467,7.239443992935504,9.044716267753518,0.8411678957359319,0.03497850683055642,h042_Hallway_ElementarySchool_4txts.wav
8.348733457684979,6.457131243648709,6.346519061510166,-1.2584792801840206,-0.1113039548740346,0.4280588138400454,0.3567852748353756,h043_Train_BostonTRedLine_4txts.wav
0.33234757771392315,1.144449751495431,1.4616036449325698,11.313113699905964,13.456081702991904,0.9311788783557888,0.01434175882462018,h044_ParkingLot_4txts.wav
0.026053437021845014,0.5941414720940861,0.6046109160627703,15.107409793238816,18.18895874390803,0.9700729830146242,0.005244365462101261,h045_Livingroom_4txts.wav
0.10787732892718743,1.1770388229892557,1.2287563524636058,11.200658796742522,13.043017207570077,0.9295008453530696,0.011408540687164393,h046_SuburbanGarage_4txts.wav
0.7248536171171137,0.8553817849807321,0.9376198688006309,8.671764143494427,11.14760522837125,0.880455161553954,0.017063937600561102,h047_Hallway_MIT_4txts.wav
0.725036289858805,0.8060458734683541,0.8562759370372011,6.971092277301784,10.024406483447612,0.8327374002905172,0.023212135569207346,h048_Bathroom_MITCampus_3txts.wav
1.2524012874949582,1.3107019774856372,1.5008912076062992,2.0279743938818875,4.5958361876865315,0.6146635890007441,0.062186714981054936,h049_MallFoodCourt_BurlingtonMall_3txts.wav
0.6154543569114327,0.07527772787371716,0.2842567380069997,32.65671889289531,37.23081869345465,0.9994578835213551,0.0011786008136526682,h050_Bar_IrishPub_3txts.wav
0.028042188610854984,0.4206303752628615,0.5973380262959597,20.19733798601392,23.059348637602383,0.9905346673539085,0.003635486166061105,h051_SuperMarket_3txts.wav
0.4009752169536443,0.9438207685337314,1.012649550218974,10.037240846294308,12.549511561743463,0.9097971069311207,0.016391290565494928,h052_Gym_WeightRoom_3txts.wav
0.045176525030712136,0.016794430174949145,0.17737667999574736,38.58502338236184,43.56155875140007,0.9998615039109975,0.0010106546383493052,h053_Office_ConferenceRoom_stxts.wav
0.054036178144228016,0.5056736590398215,0.5375951484071417,14.19360391567102,17.869703089760975,0.9633215573426994,0.006250242188129286,h054_Kitchen_3txts.wav
0.35974580357741964,0.6121049359853191,0.7555069876520595,12.0278557300987,15.441274445305815,0.941006130931133,0.010207425159789844,h055_Hallway_House_3txts.wav
0.034287544678809394,0.02181685310583773,0.03309987390441969,56.605030018901644,73.73044987180991,0.9999978147755602,0.0010863519711259704,h056_Outside_HarvardBridgeBetweenCambridgeAndBoston_3txts.wav
0.015816554573314625,0.06294010885189688,0.23556809316239588,32.58088639259465,34.8919773355503,0.9994483397249543,0.0017141461212797527,h057_Outside_SuburbanDriveway_3txts.wav
0.4337578404612177,0.6783384318747705,0.7277666062995195,10.135160725618857,13.683418600785885,0.9116304301708705,0.013264395730339338,h058_Campground_Dininghall_3txts.wav
0.014064086155630196,0.0864108832020801,0.21710853456146628,30.133580655217447,37.760971157959055,0.9990312292922596,0.0018054891216487165,h059_Outside_StreetsOfCambridge_3txts.wav
0.4619453435797067,1.41323648195674,1.4500823258952962,9.793158148424997,10.681880736996876,0.9050773445319881,0.017297767249232453,h060_Office_ConferenceRoom_3txts.wav
0.0700233752425687,0.10211761650956655,0.33283536652876367,27.908509094333503,30.06700329142701,0.998383980137586,0.0046039982925653155,h061_Car_3txts.wav
0.047061825639540415,0.4391152077641486,0.5529172217093353,19.610370134287052,22.249031377216554,0.9891797276099299,0.0037007566161389887,h062_Campground_Dininghall_3txts.wav
0.008048435414875682,0.7366563488007968,1.0207174864530828,22.1067097253564,24.342416966918673,0.9938812385759603,0.0019913561314338756,h063_Cafeteria_3txts.wav
0.2313236732395807,0.3956007353198108,0.39819016097639526,13.04254937412675,19.02674480354876,0.9527165899161795,0.007751053611637697,h064_Classroom_3txts.wav
0.014497654645275661,0.7927362465380248,0.8006248884291981,13.442631974143357,15.715853782474001,0.9566976458224392,0.006888307563305236,h065_Classroom_3txts.wav
0.21335794974806946,0.635287778805406,1.3927333330826583,13.401137435006502,15.67593037720026,0.9563000986019191,0.008432506339219274,h066_MITCampus_StudentLounge_2txts.wav
0.013126561953231131,0.5299802537692408,0.6666113130923996,18.868443521137166,21.814881316293352,0.9871897884379375,0.0035173425192011553,h067_Bar_2txts.wav
0.06016983879975684,0.4986282993172595,1.4406452725217056,19.39719370295332,22.939495170400225,0.9886415391954118,0.004865720019379751,h068_SwimmingPool_2txts.wav
0.04536382353703953,0.3198596240677283,0.393327272414234,18.545858944958415,23.752374703373565,0.9862156592760791,0.004163856425515021,h069_Supermarket_2txts.wav
0.00974218102811098,0.05399452328646148,0.04911430141099157,46.98744956527298,56.81550067411323,0.9999799900338866,0.0012094916300130925,h070_Outdoor_MITBrickAmpitheater_2txts.wav
0.23990123052516524,0.10356718145110567,0.16693360316969444,38.31797517749191,47.12259757138785,0.9998527217838101,0.0010773334332823202,h071_Shower_2txts.wav
0.03863412749445984,0.3821747899950286,0.45820030473943574,24.48836538020014,28.13290605370929,0.9964549600374609,0.0016066304576766604,h072_Bar_2txts.wav
0.49486804666528716,0.8201635332766514,0.8673121108871595,9.907485780315268,12.451020166193343,0.9073149886685539,0.014486906801747242,h073_MITCampus_StudentLounge_2txts.wav
0.011601327157045855,0.053192423385863254,0.21691868823305474,34.0629114236559,35.40542915866214,0.9996077721008209,0.0017857925630128386,h074_Outside_StreetsOfCambridge_2txts.wav
0.029509405772434466,0.23747911295047242,0.5080513123726721,25.25210621311187,27.473922851395475,0.9970249422408772,0.0016119953743131013,h075_Hallway_Office_2txts.wav
0.0939732241283174,0.26604226484847027,0.3940555642162185,26.41782847036978,30.718838374428312,0.9977237107560207,0.001444941550182458,h076_OfficeBathroom_2txts.wav
0.04837037268448163,0.43795583530514,0.48727281900770164,17.568856009677255,21.32443671636956,0.98279801091069,0.00497090095027617,h077_MITCampus_StudentLounge_2txts.wav
0.03411664394946986,0.3252847286404194,0.38775198377338965,20.090492654440688,24.685854332450255,0.9903011992022105,0.003731653421237366,h078_Bar_2txts.wav
0.08266174463805363,0.3600608094916889,0.41142913401000547,17.586455297541654,21.811729934087055,0.9828663870014109,0.00495820074682785,h079_Bar_2txts.wav
0.009533053467760863,0.026707391352132234,0.03974592076972277,50.54662832437813,59.95900127452575,0.9999911827462739,0.0013580980017368727,h080_Outdoor_GrassyField_2txts.wav
0.7688702429548616,0.9828444237407185,1.074217401444583,2.332438220017929,5.753296830403634,0.6311291066129279,0.052010055959199865,h081_Shower_2txts.wav
0.08853704636424674,0.7948563848489927,0.8631197511432761,13.376265338711848,15.667999735696148,0.9560601391031448,0.007929241360592561,h082_HomeFoyer_2txts.wav
0.01035509521489113,0.0626609280693893,0.15892169533699188,33.41497402066573,37.433446013105616,0.99954469248833,0.0016183141848898793,h083_Outside_ParkingLot_2txts.wav
0.06300109158137261,,0.007574905104830604,64.16494529892053,68.36045797704872,0.9999996167295794,0.0009678805380215539,h084_Outside_SuburbanBackyard_2txts.wav
0.00810454763792748,0.21026335446121602,0.3800895764359399,26.362381842840527,30.084509403721796,0.9976945303625913,0.0015260004121977228,h085_Bar_2txts.wav
0.0801595705653906,0.013168541699731933,0.2266851797137039,36.702973855478355,40.86641939818719,0.999786395775587,0.0010236183860186385,h086_Bar_2txts.wav
0.2639229597674806,0.546266715926808,0.7037467672284522,12.252202470597918,16.29516947914879,0.9438093533656536,0.00898129562300142,h087_ArtGallery_2txts.wav
0.02132825783695153,0.03971105075643667,0.14697913576589652,36.462592500797655,40.7429664171881,0.9997742422367774,0.001149033317921254,h088_Outside_SuburbanDriveway_2txts.wav
0.027730633866952223,0.5801046364740575,0.6484740623781188,18.65757318007226,20.941587095214373,0.98656101003438,0.003840774214950873,h089_MITCampus_StudentLounge_2txts.wav
0.012290919730254994,0.040801433099522603,0.05233235905411991,50.57882744397144,68.11992048349542,0.9999912478761518,0.0015007339175285134,h090_Outside_StreetsOfCambridge_2txts.wav
0.03905989187416336,0.5350786892650998,0.5994714160708936,16.559679585160342,19.342490662790333,0.9783953895986186,0.0048587785684970075,h091_Bar_2txts.wav
0.20297109274843284,0.4211948813786806,0.43134416693278504,13.471363145878987,17.810282891989296,0.9569708853294671,0.008120066770548745,h092_Office_ConferenceRoom_2txts.wav
0.008521127493613757,0.16216856260565107,0.2947287474992941,27.657266256966796,31.63089274578506,0.9982878997866798,0.0017380895331398551,h093_Restaurant_2txts.wav
0.23051657125284578,1.600749744419667,1.6947704736898754,10.40515263650737,11.599804748968838,0.9165122053417085,0.016219364780584312,h094_Campground_CabinLivingroom_2txts.wav
0.04649365812579554,0.6193414991191766,0.5790443399746537,14.718111168351264,17.535367086832423,0.9673580472368213,0.006173723740036879,h095_Campground_Cabin_2txts.wav
0.0628617030947445,0.3588707960849083,0.5266838122360681,18.473164367675373,22.366934775814144,0.9859862482114433,0.004886078595804101,h096_Hotel_Ballroom_2txts.wav
0.010378317379797771,0.06561309679962457,0.6187309942224347,28.71405444237595,30.629056153381494,0.9986572010477859,0.0015069487172976862,h097_MITCampus_Atrium_2txts.wav
0.026385368329846174,0.2945106883761003,0.31743750253748826,19.809169332935607,24.538898285811015,0.9896588560867299,0.0036571436213416026,h098_Bedroom_2txts.wav
0.009966382469774234,0.5551160811106606,0.6040122202877704,19.657937666410835,22.936521164823542,0.9892963319447309,0.0025941009299324186,h099_Classroom_2txts.wav
0.4749606170055091,0.7545395962788204,0.820123964721055,9.72303333541572,12.14766312819397,0.9036810295173425,0.014651966171536536,h100_Classroom_2txts.wav
0.009560200975731223,0.5615517573397418,0.6045576246100174,16.871814066230716,20.146784789766848,0.97986349148588,0.003863466002048052,h101_Classroom_2txts.wav
0.050823517947097656,0.3926261058879977,0.5025689963178451,17.372489726591173,22.141136621412954,0.9820166792038733,0.004712447336631191,h102_Stairwell_ElementraySchool_1txts.wav
0.28752598188568973,1.25759870933066,2.3634939995489193,12.246687755863237,15.154155692068656,0.943741973241547,0.01061111973314913,h103_Classroom_2txts.wav
0.010385299596678426,0.4928811609657835,0.509360656115194,18.965672440007303,22.67986242754398,0.9874698405882222,0.0028554112997944796,h104_Classroom_2txts.wav
0.008635358787383828,0.5232592718038706,0.5191459927971935,18.098369595201685,21.42244990662643,0.9847424189189709,0.003147278793910169,h105_Classroom_2txts.wav
0.009753063227987106,0.4734479409129724,0.513392834243075,20.95547473008651,24.46638201914419,0.9920387517903874,0.0022778571115516528,h106_Classroom_2txts.wav
0.17633516599331783,0.5666071788284148,0.7540718769621456,14.486922260227171,18.41525448968675,0.9656346619369249,0.00755406614521351,h107_Supermerket_1txts.wav
0.012152319610512066,0.5381012276720418,0.5669946908151566,18.29611250858358,20.98189250966145,0.9854116411523135,0.0036187645130190244,h108_MITCampus_ComputerRoom_1txts.wav
0.29509932315718634,0.5227341147081402,0.6311482440546187,13.491147360065428,17.238058884756935,0.9571580792493686,0.008755753667982853,h109_CoffeeShop_1txts.wav
0.10029221714222605,0.22127664762204505,0.21980692406926736,20.114145341891412,28.378681331253382,0.9903533693788373,0.004471877111511987,h110_Office_MeetingRoom_1txts.wav
0.26550624607880413,0.3837577714221707,0.4094137999568777,13.099279756136609,18.145496486329268,0.9533015645866945,0.009496868612011369,h111_Kitchen_1txts.wav
0.1120290322624049,0.26758391246021257,0.30698835896042365,16.786793341928803,23.509083768643663,0.9794735716286767,0.0074678810397301645,h112_Bookstore_1txts.wav
0.044000799256552356,0.34478233825910554,0.7019558302300445,18.94045725978924,23.495143854510438,0.9873977982359049,0.0040328523740934645,h113_IceCreamParlor_1txts.wav
0.009241385095194413,0.18657026771474475,0.3279960219700578,28.25731728732817,32.57306845094454,0.9985085110425853,0.0015260959604271992,h114_Restaurant_txts.wav
0.08967464923537001,0.36824347390934964,0.4523690138633588,17.282571085646797,21.60235388906883,0.9816473662769388,0.006097198579606458,h115_MovieTheater_1txts.wav
0.036431123594003655,0.2644977567607796,0.3465867738188757,21.519784792618097,26.212591659290286,0.993002036708811,0.00436039739248072,h116_SuperMarket_1txts.wav
0.14932348888285726,0.4033234328016145,0.5041706497707771,16.67605008472181,21.029487675420032,0.9789545829995966,0.005586235625660311,h117_MITCampus_Atrium_1txts.wav
0.011790275394097065,0.5662335565825021,0.6981862053353595,17.517008585708616,20.822176017917364,0.9825950132440494,0.003703258345731921,h118_MITCampus_Atrium_1txts.wav
0.049046223962258086,0.22347718938985378,0.21741279939833827,20.202371311638334,29.404179055513634,0.9905455273431927,0.004204147952078979,h119_BasementStorage_1txts.wav
0.011732625520690189,0.3262765270566217,0.4127876613962827,19.785426026630827,24.63456390354868,0.9896027546391196,0.0032366975761049495,h120_Gym_WeightRoom_1txts.wav
0.010116857522013594,0.09875858455598231,0.6056884496276176,27.642925219268506,29.129348551595964,0.998282246564627,0.0015994088632140932,h121_MITCampus_Atrium_1txts.wav
0.13218998310810948,0.11257455517054907,0.222430155850249,32.3133369632138,38.10343194202924,0.999413306291436,0.0011972634497430358,h122_CoffeeShop_1txts.wav
0.03296110477625182,0.3534204724813478,0.38151367446868856,18.309239606896405,22.766501554092336,0.9854550293374755,0.004429232564880055,h123_WineBar_1txts.wav
0.00995067156089754,0.026812094179801974,0.053639993456421294,50.49230567420254,65.21492630351719,0.9999910717661867,0.0013166493359615895,h124_Outside_MITCampusCourtyard_1txts.wav
0.2505249565585294,0.5507143832206909,0.6227519800384188,13.245883552059105,16.35365059546063,0.954781550845553,0.009481211149121382,h125_Bar_1txts.wav
0.007522790205190466,0.02235891202368191,0.03839904579262525,51.642740143306085,63.15463017395372,0.9999931494883294,0.0011652637075214814,h126_Outside_Skatepark.wav
0.0395187402063417,0.15520884572701116,0.21360180227939948,26.26894312334588,32.46530091873529,0.9976445087022836,0.002709124068275776,h127_Supermarket_1txts.wav
0.07394154715205771,0.9278854393029751,3.4770600100538753,16.916267911127846,19.635985079531824,0.9800644669480744,0.0066963384975555484,h128_Supermarket_1txts.wav
0.01934168305857911,0.5982648817669108,0.928123653560558,19.918439191127554,21.732978722606042,0.9899132049084347,0.0033388665478772924,h129_Supermarket_1txts.wav
0.08206313015239806,0.32775533476536245,0.37637018445931925,18.26466315741454,23.125988796864775,0.985307174211345,0.004608792016462795,h130_Restaurant_1txs.wav
0.021552398665670446,0.06832522064379956,0.07484283163853976,45.49802607549075,60.23890064057905,0.9999718041528897,0.0021248836717083293,h131_Outside_PathAroundResevoir_1txs.wav
0.01245929188838308,0.23565985663016836,0.9319144504825592,24.3056672708755,26.645088850588028,0.9963032098154032,0.002340076500427317,h132_ToyStore_1txts.wav
0.9898044266543802,1.5174159021432216,1.639486112694705,1.2613943096593425,3.812058613918365,0.5721055069323839,0.06768122216876155,h133_SubwayStation_ParkStreetBoston_1txts.wav
0.07327736520937893,0.3620111657291929,0.5843379020930952,20.853996484270077,23.25607002862331,0.991852070626193,0.004488387921429825,h134_ParkingLot_1txts.wav
0.23251214916796822,0.2620756076616491,0.2855891067572306,13.777924497690917,21.72343508026276,0.9597855834159679,0.010159116062996937,h135_KitchePantry_1txts.wav
0.028849898455572242,0.22040986446067573,0.3558357324377563,22.074733638219925,27.953273053957535,0.9938363000142801,0.0036758014978529605,h136_SamdwichShop_1txts.wav
0.009623947027286011,0.07996148795416366,0.1370353842683438,34.71612865034166,45.34384985379272,0.9996625258228775,0.0014638996116171927,h137_Outside_StreetsOfCambridge_1txts.wav
0.009003841046420102,0.027938713768038814,0.11954099136120465,36.43306676469153,38.81634930799112,0.9997727025317992,0.0012794306132277444,h138_Outside_StreetsOfCambridge_1txts.wav
0.022733171865743633,8.689230163325885,6.411911247271852,13.674848892368551,13.916975747471426,0.9588594527118021,0.031096811078716632,h139_OutsideStreetsOfBoston_1txts.wav
0.008707962584260594,0.046455733073552476,0.12056913458698107,35.25301924266174,38.4604429825042,0.9997017581863817,0.0013930833039848746,h140_Outside_StreetsOfSomerville_1txts.wav
0.01254284565698797,0.3158570209198025,0.48136893837904343,26.168821612181297,30.395092448208196,0.9975897072281114,0.0017326151229511999,h141_Outside_MITCampus_1txts.wav
0.039960837948563574,0.20027857444819935,0.4215266586393138,24.61967760956138,29.038181218189585,0.9965601795922244,0.0036763226321776376,h142_Outside_StreetsOfBoston_1txts.wav
0.009225456371728988,0.061874002724854674,0.07678469364506735,37.56565665448398,48.13154595449271,0.9998248709183537,0.0014364877440863075,h143_Outside_StreetsOfBoston_1txts.wav
0.06605055370606376,0.006291553717146874,0.00986355128251329,56.578989917324314,67.58532963154708,0.999997801633722,0.0009726198269945796,h144_Outside_StreetsOfSomerville_1txts.wav
0.01581430235126679,0.026849203061942096,0.0953268932716122,35.904337043058334,37.03277743941576,0.9997432829044643,0.0015328248095997088,h145_Outside_StreetsOfBoston_1txts.wav
0.007464954649769649,0.03852898104447754,0.056845225911543146,47.16500922808656,55.53818457953707,0.9999807916201671,0.0011784267649692184,h146_Outside_MITCampus_1txts.wav
0.0090035082772535,0.027940857844652115,0.12002805677672293,36.379870744216475,38.768061564264165,0.999769901925859,0.0012797415517874823,h147_Outside_MITCampus_1txts.wav
0.009056712465072636,0.04707035780254502,0.17917356969550496,33.76054657028456,41.11071313492965,0.9995795032096975,0.0013580525332505906,h148_Outside_StreetsOfCambridge_1txts.wav
0.007748020396934833,0.022953921959648564,0.046133284648593835,39.93049052613528,44.813404226485204,0.9998983969326041,0.0012294074213790042,h149_Outside_StreetsOfSomerville_1txts.wav
0.009159344111650848,0.041561493131405725,0.05795817279184426,43.20464992211719,52.62004300852419,0.9999521904953655,0.001267181606539285,h150_Outside_MITCampus_1txts.wav
0.2472891480645263,0.3906790093159632,3.09937212369502,11.824283034317155,18.59979358486972,0.9383495372555958,0.01950057338244491,h151_Train_BostonTOrangeLine_1txts.wav
0.27596770105727314,0.34380834010769284,0.3702578030368528,13.91865140593872,18.787105953012105,0.9610178046717567,0.008891841886810274,h152_OfficeBathroom_1txts.wav
0.13315509076259288,0.22686733657874417,0.7364395711538164,27.458592239596364,29.0598894224966,0.9982079018995605,0.0012946045697903056,h153_Office_Foyer_1txts.wav
0.07515799555664857,0.3527737529892169,0.38980877736909864,15.990879821628479,21.389981178277623,0.9754463861263778,0.006026005820710641,h154_OfficeKitchen_1txts.wav
0.014095191933877779,0.1844137979997195,0.3038702387384799,24.883930936376256,29.104285188669515,0.9967625830720924,0.0025626512146983706,h155_FastFoodRestaurant_1txts.wav
0.012528588434908524,0.17589191593516562,0.7646962980061883,26.642924095297538,29.12304533245619,0.9978384373887892,0.0018593098961834842,h156_Outside_StreetsOfCambridge_1txts.wav
0.2884186294697942,0.3713279916399883,0.39242423901168355,12.361235806078245,17.397605256014327,0.9451260583903603,0.010883106540814725,h157_ArtGallery_1txts.wav
0.010437928800359583,0.8886561954364005,1.0705466393243377,17.71161242813002,19.376444359674466,0.9833449987165442,0.0037656154124966115,h158_HospitalWaitingRoom_1txts.wav
0.0610516812460076,0.8286251214111802,1.0187433920536428,13.418101210605485,15.954878284902678,0.9564630428166909,0.007521724023509325,h159_DocrorsOffice_1txts.wav
0.010757898917121856,0.646814311101697,0.9611774889795354,21.10096065581324,23.431546965737056,0.992299011178187,0.002386156954894291,h160_DepartmentStore_1txts.wav
0.012329845992854423,0.3350928257561002,0.39837880526120173,22.108568500061587,26.118865810221155,0.9938838408238003,0.0026215343470431954,h161_MITCampus_Atrium_1txts.wav
0.015223198151974919,0.0793497349141017,0.0978325956554156,38.1471244606626,45.68216664497502,0.9998468133140538,0.0017993893028588643,h162_Outside_Playground_1txts.wav
0.2923678839850782,0.45846700591009343,0.5495477388400146,10.375192051272105,15.645510287049438,0.9159828160075507,0.01612454109421913,h163_Bathroom_1txts.wav
0.09782962626625448,0.012609946489179756,0.08489350755769359,38.6019116353704,41.24992511170924,0.9998620413557999,0.0010029007628978598,h164_Restaurant_1txts.wav
0.07999028811152889,,,60.20062496464587,64.32859295026884,0.9999990451457423,0.0009715472043480151,h165_Bar_1txts.wav
0.00959433612479844,0.9191100198138662,1.1174087717954515,17.43469768885368,19.094979469108104,0.9822678995570832,0.003936487184496531,h166_MITDormLobby_1txts.wav
0.007743989577163292,0.01688312637799181,0.043783617269860714,52.02682784717106,58.673746921319875,0.99999372932212,0.0011444166392417566,h167_Outside_MITCampus_1txts.wav
0.011999993901369414,0.08319041871435415,0.1968029245811371,31.45505353961765,39.00327023559684,0.9992852007277728,0.0016437376686733406,h168_Outside_StreetsOfcambridge_1txts.wav
0.07282532838799695,0.33916019478183523,0.39167902592669,18.436995826473854,22.94262536292864,0.9858707086412041,0.004703562447029494,h169_IceCreamParlor_1txts.wav
0.019378106286449193,0.05564681222461663,0.2485157887626741,30.212521112842737,36.373593275621005,0.9990486626854687,0.0018090833437312333,h170_Outside_BikePath_1txts.wav
0.018224924960245126,0.05914675548963607,0.11642973827440024,35.600169285434006,42.212732363778215,0.9997246636962378,0.0016263992294705475,h171_Outside_BikePath_1txts.wav
0.12040057228599693,0.17445359529624438,0.18875969170783963,30.15043459066865,38.0004713095681,0.9990349779542561,0.001465401154493351,h172_Outside_EntranceOfLexingtonPublicLibrary_1txts.wav
0.04360113603289406,0.32330913179848925,0.32750088218210366,18.768360608840332,23.314070281753988,0.9868950636543073,0.004835237417531838,h173_Offixe_1txts.wav
0.20590229376117,0.47197455708625874,0.4747190607991022,10.685276849107606,14.702975921695064,0.9213169182666826,0.01447282209845978,h174_Bar_1txts.wav
0.01323742892423854,0.11663964022484669,0.49582571638133904,27.15212979185116,28.876627305090416,0.9980771246913668,0.00198699074269986,h175_ParkingLot_1txts.wav
0.2616519015015722,0.4947559816410744,1.7771571893305578,12.454905283892238,16.5447790883037,0.9462339656849846,0.010238007516322103,h176_LivingRoom_1txts.wav
0.030658411608746647,0.35473016755938797,0.35435004238973444,18.558957653107274,23.10891655774638,0.9862566009227656,0.0038714963385310113,h177_MITCampus_LaundryRoom_1txts.wav
0.46660066413113493,0.7178967416443164,0.8370884733122056,11.146078843358683,13.612619914575925,0.9286728510212888,0.01098008104519961,h178_OfficeFoyer_1txts.wav
0.015092288062471908,0.47890541770674033,0.617306069564638,19.20585877201061,22.631952677519,0.9881360079178434,0.003372700457726596,h179_Bar_1txts.wav
0.008649760677945694,0.021995607667777348,0.048201372840181216,52.15212203128531,72.25967360851459,0.9999939076457102,0.0012853295487557524,h180_Outside_Field_1txts.wav
0.009438330303442615,0.5545202252041077,0.9629757786400703,22.67202800695469,24.41813852123165,0.994624038491505,0.0021672465248828167,h181_Hallway_MITInfiniteCorridor_1txs.wav
0.016437345084989074,0.9074559131160992,1.2084169183863251,16.369016079004034,18.422032283070834,0.9774476451281225,0.0055078636368021275,h182_Hallway_MITInfiniteCorridor_1txt.wav
0.009771587187540592,0.12474385962774924,0.21245889715619895,30.476132520464194,35.633896989576805,0.999104639927111,0.001645211722345184,h183_BackPorchOfSuburbanHome_1txts.wav
0.009629982775245557,0.6683665306125137,0.7086288759246179,15.253982818340875,18.392328347632226,0.9710373916354469,0.004787920922085482,h184_BilliardsRoom_1txts.wav
0.25013944889590073,0.43723518915227855,0.4839752847398819,12.495118216823563,17.3440260190016,0.9467030966998058,0.01006252427434975,h185_Hallway_House_1txts.wav
0.019535716838813257,0.03894505868980541,0.04640301407085029,54.42152014165457,67.62229421861727,0.9999963871792319,0.0016818255627080827,h186_Outside_SoccerField_1txts.wav
0.012065667376687758,0.035140354400608885,0.09659588936451162,42.82369431631551,54.150549228970064,0.999947807523917,0.0015799567451972485,h187_Outside_StreetsOfCambridge_1txts.wav
0.08174357132462542,0.21521651786177518,0.2493973298357528,20.62762960729518,27.176814429878032,0.9914198545258452,0.004641195854133624,h188_Bar_1txts.wav
0.011797178509469007,0.037118100326340865,0.041597413665242965,45.395449838471436,52.33204822430154,0.9999711302862339,0.0011051833936983645,h189_Outside_GravelPathThroughForest_1txts.wav
0.1851896063045779,0.33396056892345505,0.3682138930037142,13.756238036963527,19.24370654053954,0.9595924053927376,0.013951344664561617,h190_Train_BostonTGreenline_1txts.wav
0.2931022620684834,0.3528274371549042,0.3808889344274105,13.934369733452488,18.773900614595075,0.9611531661963496,0.008329485325585265,h191_Kitchen_1txts.wav
0.00898615231255956,0.2408184910658003,0.24134611562709224,23.887319651659737,31.692749736777728,0.9959309104606611,0.002240879108879677,h192_PorchOfSuburbanHouse_1txts.wav
0.2586414801898212,0.29234640439600174,0.3317308530848142,16.210866673921483,21.934005881435027,0.976630805060172,0.0070237060903213504,h193_LivingRoom_1txts.wav
0.02726578409660585,0.036112606052321396,0.07739464203613196,39.959820512491305,50.75113041319895,0.9998990807259405,0.0024375642722123062,h194_Outside_SuburbanDriveway_1txts.wav
0.12459369093962405,0.02035648135600355,0.06309386074158158,39.95118532709376,43.438580867321605,0.9998988798863228,0.0010945752465031779,h195_Outside_SuburbanFronyYard_1txts.wav
0.3984606895334981,0.5848502556176322,0.646123907354587,10.244054974691025,13.957669734923988,0.9136296484902311,0.014178392107374316,h196_FastFoodRestaurant_1txts.wav
0.013668416103342578,0.6703191971257785,0.6537172985789872,17.938986392499928,19.97012335247583,0.9841810963869824,0.003794083569809272,h197_Hallway_MITCampus_1txts.wav
0.00956843081839765,0.03145951060608631,0.6158647967695292,29.283132585329803,31.377704116308077,0.998821919937462,0.001233412526110853,h198_Hallway_MITCampus_1txts.wav
0.13890923319740436,0.23575411447225794,1.1118693920158575,18.5063359855754,24.500109985446347,0.98609139509561,0.00879693141892846,h199_Outside_DoorstepOfHouseInCambridge_1txts.wav
0.20707811308145674,0.5198871600459285,0.5989951534463593,13.074192568328215,17.20805230522307,0.9530437320077768,0.008061226288744644,h200_DryCleaners_1txts.wav
0.3951951687064854,0.49942071225799545,0.4977444980610301,9.59539123863411,13.379987383099648,0.9010922893654433,0.016007346215335276,h201_MITCampus_DramaRoom_1txts.wav
0.45409988380774785,0.4974620309545549,0.5847457961797449,9.153245627770918,13.660578535100461,0.8916408934288743,0.01617580095244315,h202_Diningroom_1txts.wav
0.3085723004302678,0.48461124837514913,0.5322901835439596,11.063163441896764,16.221588007588426,0.9273978098934736,0.013566044909350842,h203_Outside_StreetsOfSomerville_1txts.wav
0.02249965661617428,0.056245770976195875,0.12070999530263055,34.47513693745092,41.31267503687398,0.9996432767996032,0.002281046208585473,h204_Outside_Forest_1txts.wav
0.012295014172816605,0.05046719132273247,0.07067066991089424,41.106128717550725,47.34794102030479,0.9999224907623958,0.0015658594836335828,h205_Outside_Forest_1txts.wav
0.019964916061294937,0.05343537864785751,0.10293397717787711,35.706893992447746,42.96240386620334,0.99973134562959,0.002069528411228922,h206_Outside_Forest_1txts.wav
0.016617618151215183,0.07208991106016471,0.18907019734046146,30.099558747303806,35.97845350571284,0.9990236177385972,0.002212697423404434,h207_Outside_Forest_1txts.wav
0.012251700727493462,0.057828772884555096,0.1321404404188019,34.85442995532422,41.800691190535616,0.9996730999324202,0.0016775908439589633,h208_Outside_Forest_1txts.wav
0.01732924150700035,0.04077438084132741,0.06820110653097615,41.37218885012685,47.51828445477216,0.9999270963198039,0.0016204224925551577,h209_Outside_Forest_1txts.wav
0.018982402560789455,0.04412912894239871,0.06377623721332638,41.29336644217577,49.569489265571605,0.9999257611709806,0.0016849905064758625,h210_Outside_Forest_1txts.wav
1.040077280693419,1.1742749936659416,1.2793406511561436,3.5506496426579104,5.843464268445862,0.6937197002277802,0.0482140762628645,h211_Stairwell_1txts.wav
0.06978355081911376,0.008875213836436184,0.04076444852094305,60.66992815216114,61.30059507019439,0.9999991429487107,0.0009777912599982876,h212_Outside_StreetsOfSomerville_1txts.wav
0.4946617939530094,0.6579455246172017,0.6491253064253479,6.631345167200986,10.105052764007844,0.8215557619505355,0.029879612963149088,h213_SubwayStation_CentralSquareCambridge_1txts.wav
0.09367195184307275,0.17362637947203685,0.19047744897714833,23.302043026160547,31.690008123946875,0.9953466037416857,0.004141106795398543,h214_Pizzeria_1txts.wav
0.007852303635361753,0.47143461410259435,0.6932893632149509,21.4718427734274,24.251905656215108,0.992924907410337,0.002358734150631343,h215_SandwichShop_1txts.wav
0.0107144935581121,0.06460885929079094,0.11466099895456788,35.767320291030906,45.72685067085032,0.9997350567299615,0.0015718151821367981,h216_Outside_StreetsOfCambridge_1txts.wav
0.013565774945303548,0.039703160587169065,0.06638316444881422,45.75746992686518,66.37269763928093,0.999973439180412,0.0015281258469230746,h217_Outside_StreetsOfcambridge_1txts.wav
0.010347900493394858,0.04292330266252813,0.17204932409023088,33.85370603118896,39.51377881229564,0.9995884234573462,0.0014400826831422477,h218_StreetsOfBoston_1txts.wav
0.008222746820875025,0.03653364519124654,0.06257896233617966,49.671659365923766,61.948948178463624,0.9999892147707862,0.0012264743064040633,h219_StreetsOfCambridge_1txs.wav
0.013436148959906124,0.08121919479197018,0.26023692200761345,32.24377445016734,36.06230275619112,0.9994038389908875,0.0016666106189819516,h220_StreetsOfcambridge_1txts.wav
0.013998082893874603,0.07206580989052884,0.10658085553299243,36.684568892352914,45.0583137852059,0.9997854888161168,0.0018449252034838156,h221_StreetsOfCambridge_1txts.wav
0.019832053637593983,0.034808276943697085,0.0455396844650188,45.28950290407951,49.90408068250446,0.9999704173645411,0.0011221834877226738,h222_StreetsOfcambridge_1txts.wav
0.012962050145753742,0.04449411822272445,0.16560612507258307,34.5958640694614,41.4358855457632,0.99965305319711,0.0017392509111872076,h223_StreetsOfCambridge_1txts.wav
0.008871840817502613,0.03419198162841717,0.09095463015334056,43.42162847689199,52.86149692427182,0.9999545203199994,0.0012920562826847465,h224_StreetsOfBoston_1txts.wav
0.11855143433386117,0.019709978951048236,0.03463047737639372,51.59976912945342,63.21392223070964,0.9999930813703721,0.0010406227965989027,h225_StreetsOfCambridge_1txts.wav
0.10360954279092696,0.42333455151858335,0.5650330990653891,15.653386532000738,19.638589082265085,0.9735147615096315,0.0059654125124626685,h226_Pizzeria_1txts.wav
0.012668201697881633,0.19152663156639177,0.35988339338108066,26.4282908237802,31.05999268040553,0.9977291754038674,0.0019800359838276706,h228_Outside_MITCampus_1txts.wav
0.02411170807624013,0.5568354747234168,0.7252313002219826,16.27056463593345,19.264826172640948,0.9769424832853644,0.005197125533173337,h229_Office_Lobby_1txts.wav
0.008177102613130623,0.15539289364538136,0.473633720936083,27.85789131482656,29.41987176094202,0.9983650659280492,0.0016011800719691223,h230_SuburbanBackyard_1txts.wav
0.48800334223907316,0.6407957246477112,0.639086545215137,9.539040269861985,12.785885557031229,0.8999298335103051,0.0153821399095266,h231_Classroom_1txts.wav
0.7937428168759592,1.1357762703576142,1.2489843870393456,5.597649046601552,8.48895627032577,0.7839620158188589,0.03160385739604319,h232_Hallway_MITCampus_1txts.wav
0.5743955992303653,0.8726138303910295,1.34774961671776,8.843313612624419,11.860114678158487,0.8845506846598445,0.017565922597778425,h234_Bathroom_1txts.wav
0.017013423876917743,0.04576647480272704,0.05732583885653803,48.515441652132154,60.391399590304275,0.9999859249572685,0.0017367000668726922,h235_Outside_Field_1txts.wav
0.008186929310998922,1.6529954729020995,1.8986477371469188,21.311441826147405,21.95251009335701,0.99266066635818,0.0029475081783828395,h236_BostonPubliLibrary_1txts.wav
0.029732028690191935,0.7040396761288762,0.7503264937809282,22.615916876713086,24.66553432155203,0.994554510765634,0.0017989542682111065,h237_Classroom_1txs.wav
0.00785545930595598,0.7571884140795729,0.9572376741534167,21.683287133290243,23.180076376111714,0.9932588540223715,0.0022267993192804894,h238_Hallway_MITCampus_1txts.wav
0.07206699945249119,1.0007317932124047,1.1396363537683438,13.373517170137,14.95728279427836,0.9560335484941593,0.00850727286153476,h239_Hallway_MITCampus_1txts.wav
0.013404002284533444,0.8155372551873242,0.8426018354763231,19.251774922808007,20.78558888907324,0.9882593153183362,0.003084600809980336,h240_Classroom_1txts.wav
0.011668499178653643,0.48047113406032066,0.5172108781238254,18.244288225130607,22.50077561356333,0.985239100727709,0.0030468777831400237,h241_Classroom_1txts.wav
0.5503534643613675,0.6070783428287484,0.6692588575945673,7.148410288343409,10.66945495728845,0.838347306758787,0.023039304751457802,h242_Classroom_1txts.wav
0.11105599928611201,1.0234393071211485,1.2132067503298867,12.578422997083043,14.57551090124653,0.9476626802290518,0.00939034222316722,h243_Hallway_MITCampus_1txts.wav
0.012900129637727895,0.9519012838640457,1.0214818457038777,18.300830018574402,19.626053815812103,0.9854272483045883,0.0038636611316056747,h244_Classroom_1txts.wav
0.1062450540075785,0.39726315763445824,0.5093608322881941,15.561768445158489,20.608673112556232,0.9729653634352532,0.005877863464796457,h245_Classroom_1txts.wav
0.014289464018687721,0.8659563509428352,1.1582714045292541,16.291017129395605,18.058691117963377,0.9770483277878217,0.004829380909383493,h246_Classroom_1txts.wav
0.02805039103404668,0.18438109424313992,0.34138799460369595,28.357813534289274,33.999332821168615,0.998542578289607,0.001242145558570812,h247_Classroom_1txts.wav
0.007584162400385721,0.20895993624677656,0.30339416585528434,26.554638357844343,31.713612089431248,0.997794144217779,0.00165223999379773,h248_Classroom_1txts.wav
0.09190265101993464,0.47295724958653534,0.5401944489834386,15.473438152071983,19.280043166633778,0.9724251988585633,0.006202886658054429,h249_Classroom_1txts.wav
0.23133386975643627,0.39559164088625937,0.3982063165978162,13.042234477220056,19.026453722990578,0.9527133235049702,0.007751331821293193,h250_Classroom_1txts.wav
0.27052639373659493,1.6074523189675596,1.8834985586274253,11.02601629313378,12.483331067710052,0.9268197872204287,0.014120230432862011,h251_Hallway_MITCampus_1txts.wav
0.035923390154331145,0.7731169561810369,0.8250950973296142,13.904585984206205,15.789616379753689,0.9608962939166699,0.007016941685434032,h252_Auditorium_1txts.wav
0.04544637396616756,0.5816824018429753,0.6304222183118663,13.505335888632322,16.589508689479107,0.9572918487509158,0.007346303982960946,h253_Classroom_1txts.wav
0.008356204728234003,0.5386576389901296,0.6505076907063367,22.633441669229253,25.50457258958868,0.9945763213673829,0.0018923626503313375,h254_Classroom_1txts.wav
0.017054832757162637,1.713677884966702,2.009973811736408,12.739280463402968,13.716245183265077,0.9494695688879741,0.011068555320421999,h255_MITCampus_StudentLounge_1txts.wav
1.008844734814418,1.6007025131813792,1.7648613609686024,4.746999089908542,7.096836283430395,0.7489531646083019,0.04200347838917229,h256_Stairwell_1txts.wav
0.10892855886382562,1.5979631005883306,2.416373358014812,11.87620704828587,12.9314773561909,0.9390375708472717,0.011484356085571494,h257_Hallway_MITCampus_1txts.wav
0.012279084287771323,0.7332333313038915,0.8032872928566257,16.8158633007704,18.83126555861651,0.9796077161696727,0.004243152970507367,h258_Classroom_1txts.wav
0.01044997198205693,0.35062300075405056,0.43060733519137595,19.7647276587831,24.160951573307557,0.9895536022382537,0.0032090865180381366,h259_Classroom_1txts.wav
0.009100015937567409,0.37557234348603197,0.42817256623744604,23.11179060614326,27.48819228364773,0.9951392331768877,0.0019186968956946976,h260_Classroom_1txts.wav
0.14997522560102697,0.36650115231517777,0.4173617796130507,16.186248155182266,20.976582261445294,0.9765010794883532,0.005740139743989249,h261_Classroom_1txts.wav
0.07903151501275107,0.45070248551621755,0.5069436828636785,16.771453725155325,19.980307085877214,0.9794024384896274,0.005379397215445316,h262_Classroom_1txts.wav
0.009919880954684943,0.027367012928162765,0.07694757518579066,43.6186499777628,49.745873724215485,0.9999565373576381,0.0012873777619083315,h263_Outside_StreetsOfCambridge_1txts.wav
0.02151976120151175,1.165932300716338,1.5654616400533001,14.700284827924213,16.001122349373627,0.9672281874806847,0.006975786576150893,h264_Hallway_MITCampus_1txts.wav
0.2861143879927907,0.39647536948903506,0.40737624653659665,12.5864098443081,17.147314738051374,0.9477538180846532,0.009732844060372656,h265_Classroom_1txts.wav
0.09462938892713772,0.5422869724288457,0.953344175148234,14.020975843740594,18.357331581810502,0.9618909388851355,0.006242479012597464,h266_MITCampus_StduentLounge_1txts.wav
0.01193007065012615,1.7286584248542585,1.7286750049969635,20.74891645098933,21.66388285583197,0.9916541878513144,0.0033179149495373254,h267_MITCampus_Atrium_1txts.wav
0.11593149408651182,0.37838999538251916,0.44858730276126757,17.050892391122623,20.752166061202978,0.9806611898859917,0.005947646186260412,h268_BasementOfSuburbanHome_1txts.wav
0.14887047791769814,0.6276412278326268,0.7024900326157236,13.813111715386663,17.18507179123151,0.9600971417643297,0.007189360998699087,h269_Office_ConferenceRoom_1txts.wav
0.2979297851508775,0.5497345338123367,0.6340806724065097,10.681840829698102,14.674001205258755,0.9212595454104133,0.014607161340994407,h270_Hallway_House_1txts.wav
0.3454902214108995,0.3975921951359428,0.41136007186264406,8.500651813388396,14.828252495786206,0.8762455950181032,0.023542502313671512,h271_Outside_InTramStopRainShelter_2txts.wav
